,surgery,age,hospital_number,rectal_temp,pulse,respiratory_rate,temp_of_extremities,peripheral_pulse,mucous_membrane,capillary_refill_time,pain,peristalsis,abdominal_distention,nasogastric_tube,nasogastric_reflux,nasogastric_reflux_ph,rectal_exam_feces,abdomen,packed_cell_volume,total_protein,abdomo_appearance,abdomo_protein,surgical_lesion,lesion_1,cp_data,outcome
2,1,1,529812,38.3,120.0,28.0,3.0,2.0,1.0,0.0,4.0,2.0,2.0,0.0,0.0,3.5,,0.0,37.0,6.4,1.0,3.4,1,5124,0,0.0
5,0,1,529642,38.1,56.0,32.0,2.0,0.0,3.0,0.0,1.0,2.0,0.0,1.0,1.0,5.0,2.0,,49.0,8.0,0.0,2.8,0,0,1,0.0
6,1,1,534787,38.3,36.0,16.0,3.0,2.0,0.0,0.0,5.0,3.0,1.0,1.0,1.0,2.0,2.0,,43.0,75.0,0.0,1.0,0,3111,1,1.0
8,0,1,528742,37.4,48.0,12.0,3.0,2.0,0.0,0.0,3.0,1.0,1.0,0.0,1.0,7.0,1.0,,40.0,7.8,0.0,2.6,0,0,1,0.0
9,1,1,529640,38.3,129.0,48.0,3.0,2.0,1.0,0.0,1.0,0.0,2.0,0.0,0.0,4.4,,,57.0,4.9,0.0,2.9,1,3209,1,2.0
14,1,1,528134,38.0,124.0,88.0,3.0,2.0,4.0,0.0,1.0,2.0,0.0,0.0,1.0,7.0,,,39.0,13.0,1.0,6.6,1,2206,1,0.0
15,0,1,528305,38.3,44.0,24.0,1.0,0.0,1.0,0.0,3.0,1.0,0.0,0.0,0.0,3.0,1.0,,33.0,6.5,0.0,3.6,0,31110,1,0.0
16,1,1,534885,37.8,60.0,16.0,3.0,,0.0,0.0,1.0,3.0,0.0,1.0,1.0,2.0,1.0,,37.0,75.0,,1.0,1,2208,0,1.0
18,1,1,5279822,38.1,96.0,48.0,3.0,2.0,5.0,1.0,,,0.0,0.0,1.0,5.0,,,72.0,6.8,,3.6,1,2205,0,2.0
21,1,1,535208,37.5,96.0,24.0,3.0,2.0,5.0,1.0,5.0,0.0,2.0,0.0,1.0,2.0,,1.0,66.0,65.0,1.0,2.0,1,2208,0,1.0
24,1,1,534145,38.1,129.0,48.0,3.0,2.0,1.0,0.0,1.0,0.0,2.0,1.0,1.0,2.0,,0.0,57.0,66.0,1.0,2.0,0,3205,0,1.0
25,1,1,530233,37.6,96.0,48.0,3.0,2.0,2.0,0.0,4.0,0.0,2.0,0.0,0.0,4.5,0.0,,45.0,4.6,0.0,2.8,1,3207,1,2.0
27,1,1,530354,38.0,92.0,28.0,3.0,2.0,4.0,0.0,1.0,2.0,2.0,2.0,1.0,2.0,,,46.0,5.3,1.0,2.0,1,3111,0,0.0
28,1,1,528503,39.4,124.0,32.0,0.0,2.0,2.0,0.0,,0.0,2.0,0.0,1.0,5.0,2.0,2.0,48.0,7.3,1.0,3.4,0,2209,1,1.0
30,0,1,529642,37.6,48.0,28.0,3.0,0.0,0.0,0.0,2.0,2.0,1.0,0.0,1.0,6.5,1.0,,49.0,7.0,2.0,3.6,0,0,1,0.0
32,1,1,527916,38.0,129.0,96.0,3.0,2.0,5.0,1.0,1.0,0.0,1.0,,1.0,5.0,0.0,1.0,73.0,8.4,1.0,4.1,1,2206,1,1.0
34,1,1,528298,37.2,96.0,24.0,0.0,0.0,1.0,0.0,2.0,2.0,2.0,0.0,,4.5,,1.0,31.5,6.1,1.0,5.3,1,3209,1,0.0
38,1,1,528548,38.2,68.0,24.0,2.0,,3.0,0.0,2.0,2.0,2.0,0.0,0.0,3.0,1.0,0.0,45.0,7.0,0.0,3.6,1,3113,1,0.0
39,1,1,534163,38.1,140.0,68.0,3.0,2.0,3.0,0.0,1.0,2.0,0.0,0.0,0.0,2.0,0.0,0.0,39.0,64.0,,2.0,1,3205,0,1.0
41,1,1,527563,37.8,52.0,24.0,2.0,2.0,1.0,0.0,5.0,0.0,0.0,0.0,1.0,5.7,1.0,,48.0,7.2,2.0,3.7,1,2112,0,2.0
43,1,1,535196,38.0,130.0,16.0,3.0,2.0,2.0,1.0,5.0,0.0,3.0,0.0,0.0,2.0,,0.0,52.0,65.0,1.0,2.0,0,3205,0,1.0
46,1,1,533871,37.2,72.0,30.0,0.0,2.0,2.0,1.0,4.0,0.0,3.0,1.0,1.0,2.0,,0.0,60.0,70.0,1.0,2.0,1,3205,0,0.0
49,1,1,528742,37.7,48.0,16.0,3.0,0.0,2.0,0.0,2.0,2.0,1.0,0.0,2.0,4.5,2.0,,35.0,7.5,1.0,4.5,1,3205,0,0.0
51,0,1,527518,37.6,108.0,96.0,0.0,2.0,2.0,1.0,5.0,0.0,3.0,0.0,1.0,4.5,,1.0,52.0,6.1,0.0,3.7,0,3205,0,1.0
53,1,1,534787,38.0,36.0,16.0,3.0,0.0,1.0,0.0,5.0,0.0,3.0,2.0,1.0,2.0,2.0,,37.0,75.0,0.0,1.0,0,3111,0,1.0
54,1,1,527463,37.6,96.0,18.0,3.0,2.0,4.0,1.0,2.0,0.0,1.0,0.0,1.0,5.0,,1.0,69.0,8.1,1.0,2.0,1,2208,0,0.0
55,0,1,529172,38.2,56.0,40.0,3.0,0.0,2.0,0.0,2.0,2.0,2.0,0.0,,7.5,,,47.0,7.2,2.0,2.5,0,8300,1,0.0
56,1,1,528996,38.6,52.0,20.0,2.0,0.0,0.0,0.0,2.0,2.0,1.0,1.0,1.0,5.7,1.0,,48.0,7.2,2.0,5.0,0,0,1,0.0
60,1,1,535407,37.2,80.0,36.0,3.0,2.0,0.0,0.0,2.0,2.0,1.0,0.0,1.0,2.0,0.0,,50.0,60.0,1.0,2.0,1,1400,0,1.0
61,1,1,527563,38.1,52.0,24.0,2.0,0.0,1.0,0.0,5.0,2.0,0.0,0.0,1.0,7.0,1.0,,54.0,7.5,0.0,2.6,1,5400,0,2.0
64,1,0,534073,37.5,66.0,13.0,,,,,,,,0.0,1.0,5.0,2.0,,40.0,4.5,,0.1,1,11124,0,0.0
65,0,1,534135,37.2,48.0,24.0,2.0,0.0,0.0,0.0,5.0,2.0,1.0,1.0,1.0,1.0,1.0,,42.0,75.0,2.0,1.0,0,0,0,0.0
66,1,0,5290409,39.2,164.0,24.0,0.0,2.0,5.0,1.0,4.0,0.0,1.0,1.0,1.0,5.0,0.0,,72.0,6.2,,3.2,1,4207,0,2.0
67,0,1,529160,38.4,48.0,28.0,2.0,0.0,0.0,0.0,3.0,2.0,0.0,0.0,,7.0,2.0,3.0,49.0,8.1,0.0,1.5,0,3111,1,0.0
68,1,1,534917,37.8,52.0,16.0,2.0,2.0,0.0,0.0,1.0,0.0,0.0,0.0,1.0,2.0,,1.0,46.0,81.0,2.0,2.0,1,2205,0,0.0
69,1,1,534784,38.6,120.0,16.0,3.0,2.0,1.0,1.0,1.0,2.0,2.0,1.0,2.0,2.0,,0.0,57.0,62.0,1.0,2.0,1,2209,0,1.0
72,1,1,534115,37.2,88.0,20.0,0.0,2.0,2.0,1.0,4.0,0.0,2.0,0.0,1.0,2.0,0.0,0.0,65.0,82.0,,2.0,0,3205,0,1.0
74,1,1,5297159,39.2,100.0,24.0,3.0,2.0,2.0,1.0,4.0,0.0,3.0,0.0,0.0,3.0,,,60.0,7.5,1.0,3.0,1,2124,1,2.0
76,0,1,529427,37.5,88.0,24.0,2.0,2.0,4.0,0.0,2.0,2.0,0.0,,2.0,4.0,1.0,,69.0,8.2,0.0,5.0,0,3111,1,0.0
77,1,0,5279822,37.2,64.0,28.0,1.0,0.0,3.0,0.0,2.0,2.0,1.0,0.0,1.0,5.5,1.0,,54.0,7.7,0.0,3.3,1,2208,1,2.0
82,1,0,530561,38.2,120.0,48.0,3.0,2.0,4.0,0.0,1.0,,1.0,0.0,0.0,4.5,,,37.0,6.1,0.0,2.6,1,1400,1,2.0
83,0,1,528682,38.4,52.0,21.0,,,1.0,0.0,,,,1.0,1.0,5.5,1.0,,43.0,6.8,2.0,3.6,0,0,0,0.0
84,1,1,530242,37.2,108.0,12.0,3.0,2.0,2.0,1.0,1.0,0.0,1.0,0.0,1.0,6.0,2.0,,52.0,8.2,1.0,7.4,1,2207,1,1.0
85,1,0,529172,38.1,124.0,24.0,3.0,2.0,4.0,1.0,1.0,0.0,1.0,0.0,0.0,7.0,2.0,,47.0,7.5,2.0,2.6,1,9400,1,0.0
87,1,1,534784,39.4,48.0,40.0,3.0,2.0,0.0,0.0,1.0,2.0,2.0,1.0,2.0,2.0,,1.0,49.0,74.0,1.0,2.0,1,2206,0,0.0
91,0,1,529126,38.7,54.0,36.0,2.0,,3.0,0.0,1.0,1.0,0.0,0.0,2.0,7.0,1.0,1.0,39.0,6.0,0.0,2.6,0,300,1,0.0
92,0,1,529667,38.3,64.0,30.0,2.0,2.0,1.0,1.0,2.0,2.0,2.0,0.0,2.0,7.5,2.0,0.0,47.0,7.2,,0.1,0,0,0,0.0
93,0,1,5291409,38.6,50.0,24.0,1.0,0.0,0.0,0.0,3.0,3.0,1.0,2.0,,7.0,1.0,,46.0,5.9,2.0,1.0,0,0,0,0.0
95,0,1,530526,38.5,56.0,24.0,3.0,2.0,1.0,0.0,2.0,2.0,2.0,,1.0,5.0,0.0,0.0,33.0,3.9,0.0,3.9,1,3111,1,1.0
96,1,1,530526,39.3,96.0,28.0,0.0,2.0,5.0,1.0,4.0,0.0,2.0,,1.0,2.0,0.0,1.0,65.0,13.0,1.0,3.9,1,2208,1,2.0
99,1,1,528996,38.1,54.0,18.0,2.0,0.0,0.0,0.0,3.0,2.0,0.0,1.0,,3.0,2.0,3.0,39.0,7.0,2.0,3.0,1,3111,0,0.0
101,0,1,534280,38.3,52.0,20.0,,2.0,2.0,0.0,2.0,2.0,,,1.0,2.0,,1.0,53.0,86.0,2.0,2.0,0,2209,1,1.0
104,1,1,530612,38.6,42.0,20.0,1.0,0.0,1.0,0.0,1.0,0.0,2.0,1.0,1.0,5.4,,,43.0,8.1,1.0,4.4,1,2205,1,0.0
112,1,1,529849,37.8,48.0,32.0,3.0,,0.0,0.0,2.0,2.0,1.0,0.0,1.0,7.0,0.0,1.0,41.0,7.0,2.0,1.0,1,2124,0,0.0
115,0,1,529340,38.3,48.0,28.0,3.0,0.0,3.0,0.0,3.0,2.0,1.0,2.0,0.0,7.2,1.0,,47.0,5.5,0.0,4.1,0,0,1,0.0
118,1,1,530276,38.0,48.0,16.0,2.0,0.0,3.0,0.0,2.0,2.0,1.0,0.0,0.0,6.5,2.0,,42.0,7.0,2.0,2.6,1,400,0,0.0
119,1,1,5290409,38.3,164.0,84.0,2.0,0.0,3.0,0.0,1.0,,3.0,1.0,1.0,5.0,2.0,,64.0,8.0,2.0,6.0,1,3205,1,2.0
120,1,0,530002,39.2,150.0,51.0,2.0,2.0,4.0,0.0,,2.0,2.0,0.0,1.0,2.0,0.0,2.0,47.0,8.1,0.0,2.2,0,1400,1,2.0
121,0,1,527927,37.2,42.0,16.0,,0.0,0.0,0.0,3.0,1.0,1.0,0.0,2.0,6.5,1.0,2.0,45.0,7.5,0.0,7.0,0,2300,1,0.0
125,1,0,528641,39.1,164.0,84.0,0.0,0.0,4.0,1.0,1.0,2.0,0.0,0.0,2.0,5.0,2.0,,40.0,7.2,1.0,5.3,1,7209,1,2.0
126,0,1,528461,38.7,60.0,18.0,3.0,0.0,0.0,0.0,2.0,2.0,1.0,0.0,1.0,5.5,1.0,,49.0,7.2,2.0,1.3,0,0,0,0.0
127,1,1,528469,38.3,104.0,40.0,2.0,2.0,4.0,1.0,1.0,2.0,0.0,0.0,1.0,6.5,1.0,,64.0,9.1,0.0,2.6,1,2205,1,2.0
131,1,1,529272,38.3,132.0,28.0,,2.0,5.0,1.0,1.0,0.0,1.0,0.0,1.0,6.2,0.0,1.0,57.0,8.0,,5.2,1,2112,0,0.0
133,1,1,5290409,39.1,164.0,84.0,2.0,2.0,1.0,1.0,1.0,0.0,2.0,1.0,1.0,5.0,2.0,,48.0,7.2,,5.3,1,2208,0,2.0
135,1,1,527365,38.1,68.0,12.0,2.0,2.0,3.0,0.0,4.0,2.0,2.0,1.0,0.0,4.4,0.0,,50.0,7.6,0.0,2.9,1,3205,1,2.0
138,1,1,529796,38.0,54.0,12.0,3.0,2.0,0.0,0.0,1.0,2.0,1.0,2.0,1.0,5.2,,,39.0,7.5,2.0,5.0,1,4205,0,0.0
142,1,1,527463,38.4,96.0,18.0,2.0,2.0,5.0,1.0,2.0,0.0,1.0,0.0,1.0,5.0,,1.0,49.0,8.9,1.0,6.0,1,2208,1,0.0
145,0,1,528743,38.0,86.0,28.0,2.0,0.0,0.0,0.0,2.0,3.0,0.0,0.0,1.0,5.0,1.0,,48.0,7.6,0.0,2.6,0,0,1,1.0
151,1,1,528247,39.1,44.0,30.0,3.0,0.0,3.0,0.0,2.0,2.0,2.0,0.0,1.0,5.0,1.0,,47.0,8.6,1.0,4.5,1,3111,1,0.0
152,1,1,535043,39.3,100.0,51.0,3.0,3.0,4.0,1.0,1.0,2.0,0.0,1.0,2.0,2.0,,1.0,66.0,13.0,1.0,2.0,1,2113,0,1.0
153,1,1,527563,37.8,86.0,24.0,2.0,2.0,5.0,1.0,5.0,0.0,0.0,0.0,1.0,5.7,,0.0,68.0,7.8,1.0,3.7,1,5400,0,2.0
155,0,1,530034,38.0,60.0,40.0,3.0,0.0,1.0,0.0,4.0,2.0,2.0,0.0,2.0,7.5,,,46.0,7.5,1.0,3.6,0,4205,1,0.0
157,1,1,529172,37.7,40.0,36.0,3.0,0.0,,0.0,1.0,3.0,0.0,0.0,2.0,6.2,1.0,2.0,39.0,7.5,0.0,2.6,1,31110,1,0.0
158,1,1,534925,38.3,112.0,16.0,,,4.0,,,0.0,,1.0,1.0,2.0,0.0,1.0,51.0,57.0,0.0,2.0,0,2208,1,1.0
160,1,1,534787,38.0,36.0,16.0,3.0,0.0,0.0,0.0,5.0,3.0,,2.0,1.0,2.0,,,37.0,75.0,0.0,1.0,0,0,0,1.0
161,1,1,535292,38.5,129.0,48.0,3.0,2.0,1.0,0.0,1.0,0.0,2.0,1.0,0.0,2.0,,,57.0,66.0,1.0,2.0,1,2206,0,0.0
166,0,1,528996,39.3,54.0,20.0,3.0,,0.0,0.0,3.0,2.0,0.0,0.0,1.0,5.0,1.0,2.0,49.0,7.2,2.0,5.0,0,0,1,0.0
172,1,1,530239,37.7,60.0,28.0,3.0,0.0,0.0,0.0,5.0,0.0,2.0,0.0,1.0,5.7,,1.0,44.0,7.4,0.0,1.0,1,3025,0,2.0
175,0,1,530242,37.2,60.0,12.0,3.0,3.0,2.0,0.0,2.0,0.0,1.0,0.0,1.0,5.0,2.0,,52.0,7.5,0.0,4.1,1,2207,1,1.0
177,0,1,530002,39.3,66.0,18.0,3.0,2.0,4.0,0.0,1.0,2.0,0.0,2.0,2.0,1.0,,0.0,50.0,7.2,,1.0,1,3205,0,2.0
178,1,1,529893,39.5,66.0,24.0,2.0,0.0,0.0,0.0,2.0,2.0,1.0,1.0,1.0,5.5,,,48.0,6.8,0.0,2.6,1,8400,0,0.0
179,1,1,534069,38.4,84.0,51.0,3.0,2.0,1.0,0.0,2.0,2.0,2.0,0.0,2.0,2.0,,1.0,43.0,51.0,2.0,1.6,1,3205,0,1.0
180,1,1,533928,37.2,60.0,12.0,2.0,,1.0,0.0,,0.0,3.0,0.0,1.0,2.0,,0.0,52.0,75.0,1.0,2.0,1,2209,0,1.0
184,0,1,528996,38.8,52.0,20.0,1.0,1.0,0.0,0.0,3.0,3.0,1.0,2.0,,7.0,1.0,,33.0,6.5,0.0,5.3,0,0,1,0.0
188,0,1,528668,38.2,60.0,28.0,3.0,0.0,1.0,0.0,2.0,2.0,1.0,0.0,0.0,7.0,2.0,,42.0,6.6,0.0,2.0,0,3133,1,0.0
189,1,1,529796,38.4,54.0,12.0,3.0,0.0,0.0,0.0,2.0,2.0,1.0,0.0,1.0,5.3,2.0,,45.0,7.7,2.0,1.0,1,2209,0,0.0
194,0,1,529849,36.8,52.0,16.0,2.0,0.0,0.0,0.0,2.0,1.0,2.0,2.0,1.0,4.0,,,36.0,6.6,2.0,6.0,0,3111,1,0.0
199,1,1,533836,37.8,96.0,30.0,0.0,2.0,2.0,1.0,4.0,0.0,3.0,1.0,0.0,2.0,2.0,,68.0,64.0,1.0,2.0,1,2209,1,0.0
201,1,1,529498,38.0,88.0,48.0,3.0,2.0,4.0,0.0,,,3.0,1.0,1.0,2.0,1.0,,57.0,4.0,0.0,2.0,1,7209,1,1.0
202,1,1,529849,37.8,60.0,80.0,3.0,2.0,0.0,0.0,2.0,2.0,0.0,0.0,2.0,3.0,1.0,,40.0,6.0,2.0,3.0,1,5206,1,0.0
203,0,0,529172,38.7,52.0,20.0,3.0,0.0,4.0,0.0,2.0,2.0,,1.0,1.0,5.5,,,47.0,7.2,0.0,2.8,1,11300,1,2.0
209,0,1,534644,38.4,48.0,20.0,3.0,,1.0,0.0,,,1.0,1.0,1.0,1.0,,,41.0,65.0,2.0,2.3,0,0,0,0.0
211,0,1,528996,38.6,52.0,20.0,2.0,0.0,0.0,0.0,2.0,2.0,1.0,0.0,0.0,5.0,1.0,,36.0,6.6,2.0,5.0,0,0,1,0.0
212,0,1,528742,38.6,48.0,28.0,2.0,0.0,0.0,0.0,3.0,3.0,1.0,0.0,1.0,5.0,1.0,,49.0,7.5,0.0,6.0,0,0,1,0.0
214,0,1,5297159,38.3,96.0,28.0,0.0,2.0,2.0,1.0,4.0,0.0,3.0,,1.0,5.0,,0.0,66.0,7.0,1.0,3.9,1,4205,0,2.0
218,0,1,530612,38.2,60.0,8.0,3.0,0.0,0.0,0.0,2.0,1.0,1.0,1.0,2.0,6.5,,,39.0,6.5,2.0,1.6,0,2112,1,0.0
219,1,1,527916,38.1,136.0,48.0,3.0,,1.0,0.0,4.0,0.0,1.0,0.0,0.0,4.5,2.0,1.0,45.0,7.0,1.0,2.0,1,2209,1,0.0
223,1,1,534403,37.9,80.0,12.0,3.0,2.0,4.0,1.0,1.0,2.0,2.0,,1.0,2.0,0.0,0.0,57.0,56.0,1.0,1.0,1,2205,0,1.0
226,1,1,534145,38.3,88.0,20.0,,,1.0,0.0,1.0,0.0,1.0,1.0,2.0,2.0,0.0,1.0,46.0,81.0,2.0,2.0,0,4124,0,0.0
230,1,1,528804,37.8,96.0,48.0,3.0,0.0,0.0,0.0,4.0,2.0,2.0,0.0,1.0,2.0,,0.0,36.0,7.7,1.0,1.0,1,3205,0,2.0
232,0,1,528702,37.4,114.0,36.0,3.0,2.0,3.0,1.0,1.0,2.0,2.0,0.0,0.0,7.0,,1.0,54.0,8.0,1.0,4.8,1,2205,0,1.0
237,0,1,528729,37.8,48.0,16.0,2.0,0.0,0.0,0.0,3.0,1.0,0.0,0.0,2.0,4.0,1.0,,49.0,6.6,0.0,2.0,0,0,1,0.0
238,1,1,533942,37.8,88.0,36.0,3.0,2.0,1.0,0.0,2.0,2.0,2.0,1.0,2.0,2.0,0.0,,39.0,62.0,1.0,2.0,1,2206,0,0.0
242,0,1,533750,37.9,44.0,12.0,3.0,0.0,4.0,0.0,2.0,2.0,2.0,2.0,0.0,2.0,,3.0,53.0,64.0,1.0,2.0,1,0,0,0.0
243,1,1,528570,37.5,66.0,12.0,1.0,,0.0,0.0,,,2.0,0.0,2.0,2.0,0.0,0.0,43.0,8.7,0.0,2.0,1,2208,1,1.0
244,0,1,528996,38.2,40.0,12.0,1.0,0.0,0.0,0.0,3.0,2.0,0.0,0.0,0.0,7.0,1.0,,48.0,5.9,2.0,7.0,0,0,1,0.0
247,0,1,529045,38.7,42.0,12.0,2.0,0.0,1.0,0.0,,1.0,0.0,1.0,1.0,6.0,1.0,,23.0,6.2,0.0,7.0,0,0,1,0.0
250,1,1,535130,37.2,42.0,12.0,2.0,2.0,0.0,0.0,2.0,0.0,0.0,,1.0,2.0,2.0,0.0,36.0,66.0,2.0,2.0,1,6112,0,0.0
252,0,1,528570,39.5,52.0,16.0,,0.0,,0.0,2.0,,,0.0,1.0,5.5,,1.0,30.0,6.7,0.0,2.8,1,3111,0,1.0
253,1,1,535031,37.5,60.0,48.0,3.0,2.0,4.0,1.0,5.0,0.0,0.0,1.0,1.0,2.0,1.0,,75.0,81.0,0.0,2.0,1,2322,0,0.0
254,1,1,528298,38.6,40.0,14.0,2.0,0.0,,0.0,2.0,2.0,1.0,0.0,0.0,7.0,1.0,2.0,40.0,7.2,0.0,2.8,1,3111,1,0.0
255,1,1,534145,35.4,52.0,24.0,3.0,2.0,2.0,1.0,1.0,2.0,2.0,2.0,0.0,7.0,,1.0,57.0,69.0,1.0,2.0,1,2124,0,0.0
256,1,1,530478,37.8,104.0,35.0,3.0,2.0,4.0,0.0,,2.0,2.0,0.0,1.0,6.5,,1.0,75.0,10.2,0.0,4.3,1,2205,1,2.0
258,1,0,529663,38.0,90.0,48.0,3.0,2.0,2.0,0.0,4.0,0.0,2.0,2.0,2.0,4.5,2.0,,54.0,6.1,1.0,2.9,1,3205,0,2.0
262,1,1,530242,37.2,108.0,12.0,3.0,2.0,5.0,1.0,1.0,2.0,1.0,,1.0,6.0,2.0,1.0,69.0,8.9,1.0,6.0,1,2207,1,2.0
263,1,1,534624,37.3,78.0,28.0,3.0,2.0,4.0,1.0,1.0,2.0,0.0,1.0,1.0,1.0,,0.0,57.0,80.0,1.0,2.0,1,4205,0,1.0
265,0,1,529628,38.3,48.0,20.0,3.0,0.0,0.0,0.0,3.0,1.0,0.0,1.0,0.0,1.0,1.0,,48.0,7.6,0.0,1.0,0,400,1,0.0
278,0,1,527677,39.0,86.0,20.0,3.0,2.0,2.0,,2.0,2.0,1.0,,,5.0,0.0,,48.0,6.6,1.0,5.3,1,5400,1,2.0
280,0,0,535043,38.4,56.0,68.0,1.0,1.0,0.0,0.0,1.0,2.0,0.0,2.0,0.0,7.0,2.0,,41.0,77.0,2.0,1.0,0,4300,0,0.0
286,1,1,535196,37.2,88.0,30.0,3.0,2.0,2.0,1.0,1.0,0.0,3.0,1.0,0.0,2.0,,0.0,57.0,66.0,1.0,2.0,1,3205,0,1.0
290,0,1,528178,38.6,48.0,12.0,3.0,0.0,0.0,0.0,3.0,1.0,1.0,,1.0,5.0,1.0,,43.0,7.2,2.0,3.6,0,3111,1,0.0
291,1,1,529667,38.4,52.0,16.0,1.0,0.0,0.0,0.0,3.0,1.0,0.0,0.0,1.0,5.5,,0.0,45.0,7.0,2.0,1.0,1,7111,0,1.0
292,1,0,5290409,38.2,164.0,84.0,0.0,0.0,5.0,1.0,1.0,0.0,3.0,1.0,2.0,5.0,2.0,,48.0,7.4,1.0,3.4,1,2208,1,2.0
295,1,1,534163,38.6,60.0,44.0,0.0,,5.0,1.0,1.0,0.0,3.0,1.0,1.0,2.0,1.0,0.0,55.0,80.0,1.0,2.0,1,3205,0,1.0
296,0,1,527734,37.5,64.0,12.0,3.0,2.0,3.0,0.0,1.0,2.0,1.0,1.0,2.0,4.5,1.0,,43.0,6.6,0.0,4.3,0,5400,1,2.0
297,1,1,5287179,37.7,68.0,20.0,2.0,0.0,0.0,0.0,2.0,2.0,1.0,0.0,0.0,3.0,2.0,,39.0,7.0,2.0,7.0,1,3111,1,0.0
300,1,1,534753,38.6,60.0,30.0,3.0,2.0,,0.0,2.0,2.0,1.0,1.0,2.0,1.0,0.0,1.0,33.0,70.0,1.0,1.0,1,2209,1,0.0
302,1,1,529493,38.3,112.0,16.0,,,4.0,1.0,1.0,,0.0,,1.0,1.0,,1.0,51.0,6.0,1.0,2.0,1,2208,0,1.0
303,1,1,534917,37.1,84.0,40.0,3.0,,5.0,1.0,4.0,0.0,3.0,,2.0,2.0,0.0,0.0,75.0,81.0,2.0,2.0,1,1400,0,1.0
306,1,1,533871,37.5,88.0,20.0,3.0,2.0,2.0,0.0,,0.0,2.0,0.0,1.0,2.0,0.0,1.0,35.0,65.0,1.0,2.0,1,2208,0,1.0
307,1,0,529663,38.0,124.0,36.0,2.0,2.0,3.0,0.0,2.0,2.0,2.0,1.0,0.0,4.0,3.0,,35.0,7.5,0.0,4.3,1,7111,1,2.0
308,0,0,529461,38.6,108.0,40.0,2.0,2.0,1.0,0.0,1.0,2.0,2.0,,1.0,5.5,0.0,,37.0,7.8,1.0,4.3,0,1400,1,2.0
309,1,1,530034,39.8,128.0,36.0,,2.0,1.0,1.0,4.0,2.0,2.0,0.0,1.0,5.0,0.0,0.0,52.0,6.5,1.0,3.4,1,5400,0,2.0
310,1,1,529663,38.0,132.0,12.0,,2.0,4.0,1.0,1.0,0.0,1.0,0.0,1.0,7.0,0.0,1.0,75.0,7.5,1.0,6.6,1,2206,1,2.0
311,0,1,534293,38.2,130.0,48.0,0.0,2.0,2.0,0.0,1.0,0.0,3.0,1.0,1.0,2.0,,,65.0,82.0,0.0,2.0,0,2209,1,1.0
313,1,1,529160,38.3,132.0,32.0,,2.0,2.0,1.0,5.0,0.0,3.0,1.0,1.0,2.0,,,57.0,8.1,0.0,2.0,0,3205,0,1.0
314,1,0,5287179,38.2,52.0,18.0,2.0,0.0,1.0,0.0,5.0,2.0,0.0,0.0,1.0,5.7,1.0,,48.0,7.2,2.0,2.0,1,2205,0,2.0
315,1,1,534917,37.8,60.0,30.0,3.0,2.0,2.0,0.0,4.0,0.0,1.0,0.0,0.0,2.0,0.0,,46.0,81.0,,2.0,1,4205,0,0.0
316,0,1,529703,39.0,64.0,40.0,2.0,0.0,4.0,0.0,2.0,2.0,1.0,0.0,0.0,7.0,2.0,,42.0,7.5,0.0,2.3,0,5000,1,0.0
317,0,1,533885,38.1,60.0,20.0,2.0,,0.0,0.0,2.0,2.0,1.0,,2.0,1.0,,1.0,65.0,81.0,2.0,2.0,1,2205,0,1.0
320,0,1,534157,38.1,86.0,40.0,3.0,,5.0,0.0,1.0,0.0,2.0,2.0,1.0,2.0,,3.0,41.0,65.0,0.0,2.0,0,2322,0,1.0
326,1,1,533928,37.8,36.0,24.0,2.0,,1.0,0.0,,0.0,3.0,2.0,0.0,2.0,,,52.0,75.0,1.0,2.0,1,2205,0,0.0
327,1,1,533836,39.2,100.0,24.0,0.0,2.0,4.0,1.0,1.0,0.0,3.0,,1.0,2.0,0.0,0.0,68.0,64.0,1.0,2.0,1,3205,0,0.0
328,0,1,528298,38.0,92.0,28.0,0.0,2.0,0.0,0.0,1.0,0.0,,1.0,1.0,5.0,1.0,2.0,45.0,7.5,2.0,5.0,0,8300,1,1.0
329,1,1,534519,38.8,52.0,16.0,2.0,0.0,,0.0,2.0,0.0,1.0,1.0,1.0,1.0,2.0,1.0,42.0,71.0,2.0,2.0,0,2113,0,0.0
330,0,1,530002,38.2,129.0,51.0,3.0,2.0,4.0,1.0,1.0,0.0,2.0,1.0,0.0,2.0,0.0,,57.0,8.5,1.0,2.0,1,2208,1,0.0
333,0,1,534787,38.3,120.0,32.0,3.0,2.0,4.0,1.0,1.0,2.0,,,1.0,2.0,,0.0,64.0,86.0,2.0,2.0,1,4205,0,1.0
334,1,1,521399,39.6,104.0,36.0,2.0,2.0,5.0,1.0,5.0,0.0,2.0,,1.0,5.0,2.0,,59.0,7.5,0.0,2.6,1,1400,1,2.0
339,0,1,529272,38.6,52.0,16.0,2.0,,1.0,0.0,3.0,,1.0,0.0,1.0,5.5,1.0,,55.0,7.2,0.0,2.1,0,0,1,0.0
340,0,1,529663,37.5,48.0,9.0,2.0,0.0,0.0,0.0,3.0,3.0,0.0,0.0,1.0,5.5,1.0,,49.0,8.0,2.0,5.0,0,0,1,0.0
343,1,1,529183,37.9,48.0,14.0,2.0,0.0,0.0,0.0,3.0,2.0,1.0,0.0,1.0,5.7,,,47.0,6.5,2.0,5.3,0,3111,0,0.0
344,0,1,528548,38.1,54.0,28.0,2.0,0.0,1.0,0.0,2.0,2.0,1.0,1.0,2.0,3.0,,1.0,43.0,7.0,2.0,3.6,0,2124,1,0.0
345,0,1,5297379,38.0,84.0,48.0,3.0,2.0,2.0,0.0,4.0,0.0,2.0,1.0,2.0,4.5,,,49.0,6.6,1.0,2.6,1,4205,0,2.0
347,0,1,527544,37.7,88.0,36.0,2.0,0.0,3.0,0.0,1.0,1.0,0.0,0.0,1.0,4.0,3.0,,50.0,7.0,2.0,3.9,0,0,0,0.0
349,1,1,529893,39.1,52.0,16.0,3.0,,1.0,1.0,2.0,2.0,1.0,0.0,2.0,5.3,0.0,1.0,45.0,7.2,1.0,5.4,1,2208,1,0.0
352,1,0,5294369,38.9,120.0,40.0,3.0,2.0,4.0,0.0,2.0,2.0,2.0,0.0,0.0,7.0,,,47.0,54.0,1.0,2.0,1,2124,0,0.0
354,1,1,535043,39.3,88.0,51.0,0.0,3.0,5.0,0.0,2.0,0.0,0.0,1.0,1.0,2.0,,1.0,66.0,13.0,1.0,2.0,1,2113,1,0.0
356,0,1,530478,38.1,60.0,16.0,2.0,0.0,0.0,0.0,2.0,2.0,1.0,0.0,1.0,6.5,1.0,,42.0,7.2,2.0,8.0,0,3111,1,0.0
357,1,1,5290759,37.2,108.0,30.0,,2.0,1.0,0.0,1.0,0.0,1.0,0.0,1.0,5.3,,1.0,40.0,8.6,1.0,4.3,1,3111,1,0.0
363,1,1,527758,38.1,84.0,20.0,,,0.0,0.0,5.0,2.0,2.0,0.0,1.0,5.0,2.0,1.0,49.0,9.1,0.0,4.3,1,2208,1,0.0
367,1,1,535085,39.5,114.0,48.0,3.0,2.0,5.0,1.0,1.0,0.0,2.0,,1.0,7.0,,,59.0,8.0,1.0,2.0,1,2208,0,2.0
368,1,1,535043,37.4,100.0,51.0,0.0,3.0,5.0,0.0,5.0,0.0,0.0,1.0,1.0,2.0,,1.0,66.0,13.0,1.0,2.0,1,2208,0,1.0
369,1,1,534933,37.5,84.0,36.0,3.0,3.0,4.0,0.0,1.0,0.0,3.0,1.0,1.0,2.0,0.0,,48.0,64.0,0.0,2.0,0,1400,0,1.0
370,1,1,529428,39.4,108.0,24.0,3.0,2.0,2.0,1.0,5.0,0.0,2.0,0.0,1.0,7.0,,1.0,52.0,6.5,1.0,4.5,1,2124,0,1.0
376,1,1,533928,37.3,60.0,24.0,2.0,,2.0,1.0,,0.0,3.0,0.0,0.0,2.0,,0.0,52.0,75.0,0.0,2.0,1,2205,1,1.0
380,1,1,533847,38.3,60.0,24.0,3.0,2.0,2.0,1.0,4.0,0.0,3.0,,0.0,2.0,0.0,0.0,55.0,64.0,1.0,2.0,1,3205,0,1.0
382,0,1,528247,38.0,48.0,16.0,3.0,2.0,2.0,1.0,3.0,0.0,1.0,0.0,,5.0,,3.0,48.0,7.2,2.0,3.7,0,400,0,0.0
385,1,1,533738,37.5,48.0,16.0,2.0,0.0,,0.0,3.0,3.0,0.0,0.0,1.0,5.5,,,36.0,56.0,0.0,3.4,0,3113,0,0.0
387,0,1,521399,37.1,96.0,36.0,3.0,0.0,2.0,1.0,1.0,0.0,1.0,1.0,1.0,5.0,,0.0,48.0,7.2,1.0,5.3,1,1400,1,2.0
388,1,1,534197,38.3,40.0,20.0,3.0,2.0,0.0,0.0,,2.0,2.0,0.0,1.0,1.0,1.0,1.0,41.0,60.0,1.0,2.0,1,2209,0,1.0
389,1,1,533836,37.8,100.0,48.0,3.0,2.0,2.0,1.0,,0.0,3.0,1.0,1.0,2.0,,3.0,68.0,64.0,,2.0,1,2205,0,1.0
392,1,1,527544,37.6,84.0,36.0,2.0,2.0,1.0,0.0,5.0,2.0,2.0,,1.0,4.5,0.0,0.0,45.0,6.6,1.0,3.7,1,12208,0,2.0
394,1,1,534145,38.1,104.0,40.0,3.0,0.0,4.0,1.0,1.0,0.0,1.0,0.0,1.0,2.0,,,57.0,74.0,1.0,2.0,1,2209,0,1.0
395,1,0,530693,37.8,96.0,21.0,3.0,2.0,5.0,0.0,5.0,0.0,2.0,2.0,1.0,4.5,,0.0,44.0,7.4,1.0,4.7,1,2112,1,2.0
397,1,1,528800,37.8,48.0,12.0,3.0,0.0,2.0,0.0,2.0,3.0,1.0,0.0,1.0,2.0,2.0,,50.0,7.0,1.0,5.0,1,2205,1,1.0
401,1,1,529373,38.7,48.0,16.0,3.0,2.0,2.0,0.0,2.0,2.0,2.0,1.0,0.0,7.0,2.0,,44.0,6.6,1.0,2.3,1,4205,1,2.0
402,1,1,527563,37.6,72.0,30.0,2.0,0.0,1.0,0.0,2.0,2.0,2.0,0.0,1.0,5.7,2.0,0.0,48.0,6.8,,3.7,1,5400,0,2.0
403,1,0,5290409,38.1,66.0,12.0,2.0,0.0,4.0,1.0,2.0,2.0,0.0,0.0,1.0,5.0,3.0,,44.0,7.5,0.0,2.6,1,2112,1,2.0
404,0,1,529461,38.3,48.0,12.0,3.0,0.0,2.0,0.0,1.0,0.0,1.0,,1.0,1.5,,,49.0,6.0,2.0,2.6,0,5000,1,0.0
407,1,1,534579,38.8,68.0,22.0,3.0,2.0,3.0,0.0,1.0,2.0,1.0,0.0,2.0,2.0,0.0,1.0,75.0,81.0,,1.0,1,2112,0,0.0
408,1,1,535292,37.5,120.0,36.0,0.0,2.0,5.0,1.0,,0.0,2.0,,1.0,2.0,0.0,0.0,69.0,82.0,2.0,2.0,1,3205,0,0.0
409,0,1,528620,38.3,52.0,16.0,1.0,0.0,0.0,0.0,3.0,3.0,0.0,1.0,0.0,4.3,1.0,,37.0,7.0,2.0,2.9,0,0,0,0.0
410,1,1,529135,38.2,100.0,51.0,3.0,2.0,2.0,1.0,4.0,0.0,3.0,0.0,1.0,2.0,,0.0,43.0,8.1,1.0,2.0,1,4205,0,2.0
412,1,1,527463,37.5,104.0,18.0,2.0,0.0,5.0,1.0,2.0,0.0,1.0,0.0,2.0,5.0,,1.0,69.0,8.0,1.0,5.3,1,2208,1,0.0
413,1,1,534925,38.6,104.0,40.0,0.0,2.0,4.0,1.0,1.0,2.0,2.0,0.0,1.0,2.0,0.0,1.0,71.0,85.0,,2.0,1,2209,0,1.0
414,1,1,529461,38.6,72.0,20.0,3.0,2.0,3.0,1.0,1.0,2.0,2.0,1.0,0.0,3.0,2.0,,40.0,7.6,1.0,2.6,1,400,1,2.0
415,0,1,530242,37.2,108.0,12.0,3.0,2.0,2.0,1.0,1.0,0.0,1.0,,1.0,6.0,2.0,,52.0,8.2,1.0,7.4,1,2207,1,1.0
416,0,1,528996,38.6,52.0,20.0,2.0,0.0,0.0,0.0,2.0,2.0,1.0,1.0,1.0,5.5,1.0,,36.0,6.6,2.0,5.0,0,0,1,0.0
419,0,1,529424,38.4,52.0,24.0,1.0,0.0,0.0,0.0,3.0,2.0,0.0,2.0,0.0,7.5,,,37.0,6.8,2.0,5.0,0,2124,0,0.0
421,1,1,534519,37.5,72.0,24.0,3.0,2.0,5.0,0.0,1.0,2.0,2.0,1.0,2.0,2.0,0.0,,75.0,81.0,0.0,2.0,0,1400,0,1.0
422,0,1,528630,37.8,88.0,16.0,2.0,,0.0,0.0,1.0,2.0,0.0,1.0,1.0,1.0,1.0,,52.0,7.0,2.0,2.0,0,3205,1,1.0
423,1,1,534280,37.2,88.0,24.0,3.0,2.0,2.0,1.0,1.0,0.0,3.0,2.0,1.0,2.0,,1.0,57.0,82.0,1.0,2.0,1,2322,0,1.0
424,1,1,530693,38.6,108.0,12.0,3.0,,2.0,1.0,4.0,0.0,2.0,,2.0,5.4,0.0,0.0,48.0,7.5,1.0,2.0,1,3205,0,2.0
429,1,0,529667,39.4,120.0,48.0,0.0,2.0,2.0,1.0,4.0,0.0,2.0,0.0,2.0,7.0,,,43.0,7.4,1.0,2.1,1,2112,0,2.0
430,1,1,535029,37.1,84.0,20.0,3.0,2.0,1.0,1.0,1.0,0.0,2.0,2.0,2.0,2.0,,,75.0,81.0,,2.0,0,1400,0,1.0
433,0,1,535330,38.2,129.0,48.0,3.0,,1.0,0.0,2.0,2.0,,0.0,1.0,2.0,,,57.0,66.0,,2.0,1,2209,0,1.0
434,1,0,5287179,38.1,136.0,48.0,3.0,2.0,1.0,0.0,5.0,1.0,2.0,0.0,0.0,4.4,3.0,,33.0,4.9,0.0,2.9,1,2205,1,2.0
435,0,1,532985,39.2,104.0,48.0,3.0,2.0,5.0,1.0,4.0,0.0,3.0,2.0,1.0,2.0,,,66.0,8.2,1.0,2.0,0,1400,1,2.0
436,1,1,530310,38.5,36.0,18.0,2.0,,0.0,0.0,2.0,2.0,2.0,0.0,0.0,3.0,0.0,0.0,43.0,6.5,0.0,3.2,1,2208,1,2.0
441,0,1,534145,36.1,88.0,32.0,3.0,2.0,2.0,0.0,1.0,0.0,1.0,0.0,1.0,1.0,,1.0,50.0,55.0,1.0,2.0,1,2209,1,1.0
444,1,1,528743,37.1,75.0,36.0,,,5.0,1.0,5.0,0.0,1.0,1.0,1.0,5.0,0.0,1.0,48.0,7.5,1.0,3.4,1,12208,1,2.0
446,1,0,528668,38.8,129.0,40.0,3.0,2.0,2.0,1.0,,0.0,,,1.0,5.0,1.0,,34.0,7.6,,8.0,1,2206,1,0.0
447,1,1,529461,38.5,114.0,36.0,3.0,2.0,2.0,1.0,1.0,2.0,2.0,0.0,0.0,7.0,1.0,,57.0,8.1,1.0,4.5,1,2208,0,2.0
454,0,1,528469,38.1,92.0,28.0,3.0,2.0,4.0,0.0,1.0,0.0,1.0,1.0,0.0,7.0,2.0,,40.0,6.8,0.0,2.6,0,2113,1,0.0
457,1,1,530001,38.6,48.0,16.0,3.0,0.0,2.0,0.0,5.0,3.0,1.0,0.0,1.0,6.5,1.0,,32.0,6.5,1.0,6.0,1,2209,1,1.0
460,0,1,529518,38.3,96.0,25.0,3.0,2.0,1.0,0.0,4.0,0.0,3.0,1.0,1.0,6.5,0.0,,45.0,6.7,2.0,3.0,1,3115,0,2.0
461,1,1,528548,37.3,48.0,12.0,3.0,0.0,4.0,0.0,2.0,2.0,0.0,0.0,0.0,3.0,2.0,0.0,44.0,6.0,,3.6,1,2124,1,0.0
462,1,1,530612,37.3,88.0,24.0,3.0,2.0,5.0,0.0,2.0,0.0,0.0,,1.0,1.0,0.0,1.0,66.0,6.0,1.0,3.4,1,2208,0,1.0
463,0,1,534004,38.1,88.0,32.0,3.0,2.0,2.0,0.0,,2.0,,,1.0,1.0,0.0,1.0,55.0,60.0,,2.0,0,2209,0,1.0
464,0,1,529703,38.2,52.0,24.0,2.0,0.0,4.0,0.0,1.0,0.0,1.0,0.0,1.0,5.5,0.0,,52.0,8.1,0.0,1.6,0,11300,1,0.0
466,0,1,534183,38.5,92.0,30.0,3.0,2.0,1.0,0.0,2.0,0.0,2.0,1.0,1.0,2.0,0.0,,52.0,81.0,0.0,2.0,1,3205,0,1.0
468,0,1,529796,38.0,52.0,24.0,2.0,0.0,0.0,0.0,1.0,2.0,1.0,0.0,1.0,5.3,2.0,,38.0,7.3,2.0,5.0,0,0,1,0.0
470,0,1,528299,38.3,52.0,12.0,2.0,0.0,0.0,0.0,2.0,2.0,0.0,0.0,1.0,5.0,2.0,,32.0,6.0,0.0,1.6,0,3111,1,0.0
471,0,1,534092,39.5,108.0,51.0,3.0,2.0,5.0,1.0,1.0,0.0,2.0,0.0,2.0,2.0,,,50.0,13.0,2.0,2.0,1,2113,1,0.0
473,0,1,529642,37.6,48.0,18.0,3.0,2.0,0.0,0.0,3.0,0.0,1.0,0.0,1.0,5.5,,3.0,42.0,7.4,0.0,2.8,0,3111,0,0.0
474,1,1,527563,37.8,52.0,24.0,2.0,2.0,1.0,0.0,5.0,0.0,0.0,0.0,1.0,5.7,3.0,,48.0,6.6,2.0,3.7,1,5400,0,2.0
477,1,1,530301,38.6,48.0,24.0,2.0,2.0,0.0,0.0,2.0,2.0,2.0,,1.0,6.0,2.0,3.0,45.0,6.4,2.0,3.6,1,4205,1,2.0
478,0,1,534135,38.1,40.0,16.0,,,,0.0,,,,,1.0,1.0,,0.0,31.0,75.0,,1.0,1,2208,0,1.0
480,1,1,534115,38.5,60.0,10.0,3.0,2.0,1.0,0.0,4.0,0.0,3.0,,2.0,2.0,0.0,,50.0,77.0,1.0,2.0,1,0,0,0.0
481,1,1,534788,37.5,48.0,30.0,2.0,0.0,0.0,0.0,2.0,2.0,2.0,1.0,1.0,2.0,1.0,,48.0,74.0,,2.0,0,5111,0,0.0
482,0,1,530381,38.1,124.0,40.0,3.0,2.0,1.0,1.0,1.0,0.0,2.0,0.0,1.0,2.0,,1.0,55.0,8.1,1.0,2.0,1,2208,0,1.0
484,0,1,529703,38.0,56.0,40.0,2.0,0.0,1.0,0.0,2.0,2.0,1.0,0.0,0.0,7.0,1.0,,40.0,7.5,0.0,2.3,0,5000,1,0.0
487,1,1,534787,38.0,36.0,24.0,3.0,2.0,2.0,1.0,5.0,0.0,3.0,2.0,1.0,2.0,,,52.0,75.0,0.0,2.0,0,3111,0,1.0
489,0,0,529172,37.4,84.0,30.0,3.0,2.0,1.0,0.0,5.0,2.0,2.0,0.0,2.0,6.5,1.0,,48.0,7.5,0.0,2.5,1,2300,0,2.0
490,1,1,535043,39.3,100.0,51.0,0.0,3.0,5.0,0.0,1.0,0.0,0.0,1.0,2.0,2.0,,1.0,68.0,13.0,1.0,2.0,1,2205,1,1.0
492,1,1,533942,36.7,100.0,24.0,3.0,2.0,2.0,0.0,,0.0,3.0,1.0,1.0,2.0,2.0,0.0,52.0,75.0,1.0,2.0,1,2205,0,1.0
493,1,1,534324,39.2,48.0,28.0,2.0,0.0,,0.0,2.0,,0.0,1.0,1.0,5.5,,,41.0,68.0,0.0,2.0,1,2209,1,0.0
494,1,1,5287179,38.3,88.0,28.0,2.0,0.0,1.0,0.0,3.0,1.0,0.0,1.0,1.0,4.5,1.0,,48.0,6.1,2.0,2.6,1,5206,0,2.0
495,1,1,528523,38.0,66.0,16.0,2.0,2.0,1.0,0.0,5.0,0.0,1.0,0.0,0.0,3.0,,,43.0,3.7,0.0,3.6,1,3133,1,0.0
497,0,1,529272,38.3,112.0,16.0,0.0,2.0,1.0,1.0,1.0,0.0,2.0,1.0,1.0,1.0,,0.0,51.0,6.0,1.0,1.0,1,5205,1,1.0
501,1,1,533902,36.9,96.0,28.0,3.0,0.0,2.0,1.0,4.0,0.0,3.0,0.0,1.0,2.0,0.0,0.0,55.0,82.0,,2.0,1,3205,0,2.0
502,0,1,530001,38.6,88.0,28.0,1.0,0.0,1.0,0.0,2.0,1.0,2.0,0.0,2.0,7.0,2.0,,37.0,6.6,0.0,3.2,1,5400,1,0.0
504,0,1,535029,38.2,40.0,12.0,3.0,2.0,1.0,0.0,1.0,0.0,2.0,0.0,1.0,2.0,,0.0,33.0,51.0,0.0,2.0,0,1400,0,1.0
513,1,1,528214,38.6,48.0,20.0,,0.0,0.0,0.0,2.0,2.0,0.0,1.0,0.0,3.0,1.0,,42.0,7.5,2.0,3.2,1,2205,1,2.0
514,0,1,534787,38.0,50.0,20.0,2.0,0.0,0.0,0.0,3.0,2.0,1.0,0.0,2.0,1.0,,3.0,36.0,61.0,2.0,2.0,0,0,1,0.0
515,1,1,527957,38.8,60.0,20.0,3.0,2.0,1.0,1.0,1.0,2.0,2.0,0.0,0.0,7.0,2.0,,52.0,7.0,1.0,6.0,0,3111,0,0.0
519,1,1,528469,38.1,52.0,24.0,2.0,0.0,4.0,0.0,5.0,2.0,0.0,0.0,0.0,7.0,1.0,,44.0,7.5,0.0,2.6,1,2206,0,2.0
520,0,1,529272,38.5,60.0,12.0,3.0,0.0,0.0,0.0,3.0,2.0,1.0,0.0,,7.0,,3.0,49.0,8.5,2.0,5.0,0,3111,1,0.0
522,1,1,526802,39.0,96.0,40.0,3.0,2.0,2.0,1.0,4.0,0.0,2.0,,2.0,5.3,0.0,0.0,43.0,7.5,0.0,2.0,1,3025,1,2.0
523,1,1,535163,37.8,78.0,20.0,3.0,2.0,1.0,0.0,,0.0,1.0,0.0,1.0,2.0,,,37.0,66.0,,2.0,1,2207,0,1.0
526,0,1,529461,36.1,114.0,48.0,3.0,2.0,2.0,1.0,1.0,0.0,1.0,0.0,1.0,5.0,,0.0,57.0,7.4,1.0,4.5,1,1400,1,2.0
527,1,1,522979,37.6,75.0,60.0,3.0,2.0,,1.0,5.0,2.0,2.0,1.0,1.0,1.0,2.0,0.0,45.0,8.5,0.0,1.0,1,4205,1,2.0
529,1,1,534403,38.3,40.0,20.0,,,,,,,,,1.0,1.0,,0.0,36.0,62.0,,2.0,0,2208,0,1.0
530,0,1,530561,38.3,112.0,24.0,3.0,2.0,2.0,1.0,1.0,0.0,1.0,0.0,0.0,7.0,,,57.0,4.5,1.0,2.6,0,400,1,0.0
531,0,1,533692,38.5,48.0,16.0,2.0,0.0,0.0,0.0,3.0,1.0,0.0,2.0,1.0,2.0,1.0,,34.0,64.0,2.0,1.0,0,0,0,0.0
537,0,1,530401,36.7,108.0,36.0,3.0,2.0,3.0,0.0,1.0,2.0,1.0,1.0,0.0,4.5,3.0,,54.0,6.4,1.0,2.6,1,5400,0,2.0
540,1,1,535158,40.8,92.0,22.0,3.0,2.0,4.0,1.0,1.0,2.0,1.0,,1.0,2.0,0.0,1.0,65.0,65.0,1.0,2.0,1,2208,1,0.0
541,1,1,529777,39.9,60.0,24.0,3.0,2.0,1.0,0.0,5.0,0.0,2.0,0.0,2.0,4.5,,,47.0,7.2,0.0,2.0,1,3205,0,2.0
542,1,0,5294369,38.0,136.0,48.0,3.0,2.0,3.0,0.0,2.0,1.0,2.0,0.0,0.0,3.0,,,33.0,6.1,0.0,2.1,1,2124,1,0.0
543,1,1,528743,37.4,75.0,36.0,,,1.0,1.0,5.0,0.0,1.0,0.0,1.0,5.0,0.0,1.0,48.0,7.5,1.0,3.2,1,12208,1,2.0
545,0,1,5299629,37.8,52.0,12.0,2.0,0.0,0.0,0.0,2.0,2.0,1.0,0.0,1.0,5.0,3.0,,40.0,7.0,0.0,2.1,0,0,1,0.0
546,0,1,530670,37.7,88.0,24.0,3.0,2.0,1.0,0.0,2.0,2.0,1.0,,1.0,1.0,0.0,0.0,44.0,6.0,1.0,3.4,1,1400,1,2.0
549,1,1,527463,37.3,96.0,18.0,2.0,2.0,5.0,1.0,1.0,0.0,1.0,,1.0,5.0,,1.0,69.0,8.9,1.0,6.0,1,2207,1,2.0
551,1,1,527883,38.5,129.0,48.0,3.0,2.0,2.0,0.0,5.0,0.0,2.0,0.0,0.0,4.5,,,48.0,7.4,0.0,2.6,1,2205,1,0.0
552,1,1,534053,38.2,100.0,51.0,3.0,2.0,2.0,1.0,5.0,0.0,2.0,0.0,1.0,2.0,,0.0,57.0,69.0,1.0,2.0,0,1400,0,1.0
553,1,1,535130,38.1,48.0,32.0,3.0,2.0,1.0,0.0,2.0,0.0,2.0,0.0,1.0,5.0,0.0,,37.0,6.0,0.0,3.3,1,6112,0,0.0
559,1,1,533692,38.7,120.0,10.0,,,0.0,0.0,5.0,3.0,0.0,,1.0,1.0,2.0,2.0,34.0,75.0,2.0,1.0,1,3111,0,0.0
560,0,1,528996,38.6,52.0,12.0,2.0,0.0,0.0,0.0,2.0,2.0,1.0,0.0,1.0,5.0,1.0,,44.0,7.3,2.0,1.6,0,0,1,0.0
561,0,1,530242,37.2,108.0,12.0,3.0,2.0,2.0,1.0,2.0,0.0,2.0,,1.0,6.0,2.0,,52.0,8.2,1.0,7.4,1,2207,1,1.0
562,0,0,529642,37.0,88.0,36.0,3.0,0.0,0.0,0.0,1.0,1.0,1.0,0.0,1.0,6.8,1.0,,45.0,7.2,2.0,4.5,0,2112,1,0.0
567,1,1,533836,38.3,52.0,16.0,3.0,2.0,1.0,0.0,2.0,2.0,2.0,0.0,0.0,2.0,0.0,,68.0,64.0,1.0,2.0,1,31110,1,0.0
568,1,1,534069,38.0,48.0,16.0,2.0,0.0,4.0,0.0,2.0,0.0,0.0,1.0,1.0,2.0,1.0,,52.0,6.6,0.0,1.0,0,5206,0,1.0
571,0,1,528548,37.8,52.0,24.0,2.0,0.0,0.0,0.0,1.0,3.0,1.0,0.0,1.0,5.0,1.0,,32.0,6.2,2.0,5.0,0,0,1,0.0
572,0,1,528743,36.8,52.0,44.0,2.0,0.0,4.0,0.0,1.0,2.0,,0.0,1.0,7.5,2.0,3.0,48.0,8.5,0.0,2.5,0,5000,1,0.0
580,1,1,534004,38.0,88.0,20.0,3.0,2.0,2.0,0.0,2.0,2.0,2.0,0.0,1.0,2.0,,1.0,43.0,75.0,1.0,2.0,1,2209,0,1.0
584,1,0,5290409,39.1,164.0,84.0,0.0,0.0,5.0,0.0,1.0,0.0,3.0,1.0,2.0,5.0,2.0,,48.0,7.2,1.0,5.3,1,2208,1,2.0
586,1,0,5291719,38.3,164.0,84.0,0.0,0.0,5.0,1.0,1.0,0.0,3.0,1.0,1.0,5.2,0.0,,48.0,7.5,,5.2,1,1400,1,2.0
589,1,1,527518,36.6,96.0,12.0,3.0,2.0,1.0,1.0,5.0,0.0,2.0,0.0,1.0,2.0,,1.0,66.0,8.6,1.0,3.4,1,2112,0,0.0
591,1,1,528570,38.9,64.0,21.0,2.0,0.0,0.0,0.0,2.0,2.0,0.0,1.0,0.0,3.0,1.0,,43.0,7.0,0.0,3.6,1,2209,1,0.0
593,0,1,529685,37.3,64.0,30.0,3.0,2.0,,0.0,4.0,2.0,1.0,,1.0,4.5,0.0,,39.0,6.7,1.0,4.5,0,1400,1,2.0
599,1,1,529642,38.9,84.0,36.0,3.0,2.0,4.0,1.0,5.0,0.0,3.0,2.0,0.0,4.5,2.0,,45.0,6.2,0.0,2.6,1,3025,1,2.0
600,1,0,5290409,38.8,164.0,84.0,0.0,0.0,5.0,1.0,1.0,0.0,3.0,0.0,1.0,5.0,2.0,,45.0,7.2,1.0,5.3,1,2208,1,2.0
601,1,0,530693,37.6,160.0,36.0,3.0,2.0,0.0,0.0,1.0,2.0,1.0,0.0,0.0,4.5,0.0,,35.0,6.9,2.0,2.9,1,1400,0,2.0
607,0,1,528996,38.6,52.0,20.0,2.0,0.0,0.0,0.0,2.0,2.0,1.0,1.0,1.0,5.5,1.0,,36.0,6.6,2.0,5.0,0,3111,1,0.0
608,1,1,534556,39.4,108.0,20.0,3.0,,5.0,1.0,1.0,0.0,3.0,,1.0,2.0,2.0,1.0,75.0,67.0,1.0,1.0,1,2207,0,1.0
610,1,1,535163,38.1,130.0,48.0,0.0,2.0,1.0,0.0,1.0,0.0,2.0,0.0,0.0,2.0,,0.0,57.0,66.0,1.0,2.0,1,3205,0,1.0
614,1,1,534403,37.2,86.0,30.0,0.0,2.0,2.0,1.0,1.0,0.0,1.0,0.0,1.0,2.0,,0.0,36.0,62.0,,1.0,0,1400,0,1.0
615,1,1,534403,37.2,66.0,32.0,3.0,2.0,4.0,0.0,2.0,1.0,1.0,2.0,,2.0,2.0,1.0,44.0,77.0,2.0,1.0,1,2205,0,0.0
618,1,1,529736,39.3,64.0,88.0,2.0,2.0,3.0,0.0,1.0,2.0,0.0,0.0,0.0,7.0,1.0,,43.0,6.4,1.0,4.5,1,7400,1,2.0
619,1,1,535176,37.3,80.0,40.0,3.0,2.0,2.0,1.0,4.0,2.0,2.0,2.0,2.0,2.0,,0.0,65.0,50.0,1.0,2.0,1,3205,1,1.0
621,1,0,5290409,39.1,164.0,84.0,0.0,0.0,5.0,1.0,1.0,0.0,3.0,1.0,2.0,5.0,2.0,,48.0,7.2,1.0,5.3,1,2208,1,2.0
622,1,1,527563,37.6,52.0,24.0,3.0,2.0,1.0,0.0,5.0,0.0,0.0,0.0,2.0,5.7,0.0,1.0,48.0,6.6,,3.7,1,2205,0,2.0
623,0,1,528461,38.3,54.0,40.0,2.0,0.0,0.0,0.0,2.0,2.0,1.0,0.0,0.0,7.0,1.0,,35.0,5.9,0.0,7.4,0,3111,1,0.0
626,1,1,527698,37.3,64.0,36.0,3.0,,2.0,1.0,5.0,2.0,1.0,1.0,2.0,6.0,0.0,1.0,66.0,5.8,1.0,7.4,1,2205,0,2.0
627,1,1,528151,38.4,60.0,20.0,1.0,2.0,2.0,0.0,4.0,0.0,2.0,2.0,2.0,6.5,,1.0,48.0,7.6,0.0,3.9,1,2208,0,0.0
628,1,1,533871,38.6,120.0,20.0,,,4.0,0.0,2.0,2.0,2.0,1.0,0.0,2.0,,,68.0,64.0,0.0,2.0,1,3205,0,0.0
629,1,1,535407,38.5,129.0,48.0,3.0,2.0,1.0,0.0,1.0,0.0,2.0,,1.0,2.0,,,57.0,66.0,1.0,2.0,1,3205,0,0.0
630,1,1,530028,38.6,104.0,24.0,3.0,,2.0,1.0,1.0,0.0,2.0,0.0,1.0,5.3,0.0,0.0,52.0,6.5,0.0,2.6,1,2208,1,2.0
635,1,1,534787,38.0,36.0,16.0,3.0,0.0,0.0,0.0,5.0,3.0,1.0,2.0,1.0,2.0,2.0,,37.0,75.0,0.0,1.0,0,3111,0,1.0
638,0,1,528214,38.0,60.0,20.0,3.0,,,0.0,2.0,,2.0,0.0,0.0,4.5,0.0,1.0,43.0,7.6,,2.0,1,2209,1,1.0
642,0,1,528682,38.3,48.0,16.0,2.0,0.0,0.0,0.0,3.0,2.0,1.0,0.0,1.0,3.0,2.0,,49.0,7.5,2.0,3.0,0,0,1,0.0
643,1,0,528904,38.0,132.0,68.0,2.0,2.0,4.0,1.0,1.0,2.0,2.0,0.0,1.0,7.0,1.0,,54.0,7.5,0.0,1.4,1,7209,0,2.0
648,1,0,529518,38.0,128.0,48.0,3.0,2.0,2.0,0.0,,2.0,2.0,2.0,1.0,4.2,,,35.0,7.2,1.0,4.5,1,3025,1,2.0
649,0,1,528996,38.5,44.0,12.0,2.0,0.0,0.0,0.0,2.0,2.0,1.0,0.0,0.0,7.0,1.0,,43.0,7.5,2.0,8.1,0,0,1,0.0
651,1,1,528743,37.1,75.0,36.0,,2.0,1.0,1.0,2.0,0.0,1.0,0.0,1.0,5.0,0.0,1.0,48.0,7.4,1.0,3.2,1,12208,1,0.0
660,1,1,5297159,37.8,84.0,36.0,,,1.0,0.0,2.0,2.0,2.0,0.0,1.0,5.0,1.0,0.0,32.0,6.0,0.0,4.3,1,5206,0,1.0
661,1,1,529160,37.8,72.0,30.0,0.0,2.0,2.0,1.0,4.0,2.0,2.0,,1.0,2.0,2.0,1.0,52.0,75.0,1.0,2.0,1,3205,0,0.0
662,1,1,533696,38.7,88.0,24.0,0.0,,2.0,1.0,5.0,0.0,2.0,0.0,1.0,2.0,,,46.0,75.0,0.0,1.0,0,3205,0,1.0
663,0,1,529865,37.7,52.0,16.0,2.0,0.0,3.0,0.0,3.0,,0.0,0.0,1.0,5.7,1.0,,28.0,6.5,2.0,5.3,0,0,1,0.0
665,1,1,534519,39.3,84.0,40.0,3.0,2.0,1.0,0.0,1.0,0.0,,,1.0,2.0,0.0,0.0,75.0,81.0,0.0,2.0,0,1400,0,1.0
669,0,1,533736,38.6,100.0,68.0,2.0,,1.0,1.0,5.0,0.0,2.0,0.0,1.0,2.0,0.0,0.0,52.0,80.0,1.0,2.0,1,3205,0,1.0
676,1,1,535208,39.2,108.0,24.0,3.0,2.0,2.0,1.0,1.0,,2.0,2.0,1.0,2.0,,1.0,55.0,85.0,1.0,2.0,1,3209,0,1.0
678,1,1,5301219,40.3,60.0,30.0,3.0,2.0,1.0,0.0,4.0,0.0,2.0,2.0,2.0,4.5,,2.0,46.0,7.2,1.0,2.6,1,1400,0,2.0
679,1,1,528178,37.6,88.0,20.0,3.0,2.0,4.0,1.0,5.0,2.0,2.0,0.0,2.0,3.0,1.0,,68.0,7.2,1.0,4.1,1,2205,0,2.0
680,0,1,529304,38.0,40.0,28.0,2.0,0.0,0.0,0.0,3.0,2.0,1.0,0.0,2.0,4.5,3.0,,49.0,7.2,2.0,5.0,0,0,0,0.0
681,0,1,534626,37.8,52.0,16.0,1.0,2.0,0.0,1.0,2.0,2.0,1.0,1.0,1.0,2.0,1.0,,52.0,7.5,0.0,2.0,0,4206,1,1.0
682,0,1,528890,38.3,54.0,16.0,2.0,0.0,0.0,0.0,2.0,2.0,1.0,0.0,2.0,5.0,2.0,,36.0,6.6,2.0,3.5,0,0,1,0.0
683,1,1,534787,38.6,60.0,16.0,1.0,0.0,1.0,0.0,,2.0,1.0,0.0,1.0,4.0,,0.0,39.0,60.0,1.0,2.0,1,3207,1,0.0
685,1,1,527544,38.2,52.0,12.0,0.0,,2.0,0.0,1.0,0.0,1.0,0.0,0.0,7.0,2.0,1.0,45.0,8.6,1.0,3.6,1,2206,1,2.0
687,1,1,530360,38.4,60.0,40.0,1.0,0.0,,0.0,5.0,2.0,1.0,,2.0,4.5,0.0,1.0,50.0,4.7,1.0,4.1,1,2208,1,2.0
692,0,1,527702,37.7,84.0,20.0,3.0,2.0,1.0,0.0,5.0,0.0,2.0,,1.0,6.0,,,52.0,6.0,1.0,3.9,1,2209,0,1.0
694,1,1,527544,38.4,124.0,40.0,0.0,2.0,2.0,1.0,1.0,0.0,1.0,,1.0,7.5,1.0,,57.0,8.5,1.0,7.0,0,2112,1,2.0
695,0,0,529498,40.3,114.0,36.0,3.0,2.0,3.0,1.0,1.0,2.0,2.0,,,4.3,0.0,,50.0,8.1,1.0,7.0,0,4205,1,2.0
697,1,1,530239,38.2,48.0,32.0,2.0,,3.0,0.0,3.0,2.0,0.0,0.0,0.0,3.0,2.0,3.0,47.0,7.5,0.0,2.6,1,3113,0,0.0
701,1,1,534293,38.0,88.0,20.0,,,5.0,0.0,,2.0,2.0,2.0,1.0,2.0,,1.0,65.0,82.0,,1.0,0,2209,0,1.0
702,0,1,530242,38.4,108.0,51.0,3.0,2.0,5.0,1.0,1.0,0.0,1.0,1.0,,7.5,2.0,2.0,59.0,8.2,0.0,2.6,0,4300,1,0.0
704,1,1,533696,38.0,129.0,30.0,2.0,2.0,1.0,0.0,1.0,0.0,2.0,0.0,2.0,2.0,,,64.0,82.0,1.0,2.0,0,1400,0,1.0
706,0,1,529373,38.6,48.0,32.0,2.0,0.0,0.0,0.0,3.0,2.0,0.0,0.0,0.0,6.5,,3.0,49.0,7.3,2.0,2.0,0,3111,1,0.0
708,1,1,5290409,38.5,64.0,36.0,3.0,0.0,0.0,0.0,2.0,2.0,1.0,0.0,2.0,6.0,0.0,1.0,48.0,7.5,,2.0,1,2208,0,2.0
709,0,1,534478,37.2,108.0,40.0,3.0,2.0,5.0,0.0,2.0,,0.0,0.0,1.0,2.0,,1.0,53.0,51.0,1.0,2.0,0,2208,0,1.0
710,1,1,534519,38.5,86.0,51.0,3.0,2.0,2.0,0.0,5.0,2.0,3.0,,1.0,2.0,0.0,,65.0,75.0,1.0,2.0,1,2205,0,1.0
711,1,1,528570,37.5,60.0,30.0,3.0,2.0,4.0,0.0,2.0,2.0,1.0,0.0,2.0,3.5,,1.0,35.0,6.0,0.0,2.0,1,2209,0,2.0
713,0,1,529461,40.3,114.0,36.0,3.0,2.0,0.0,1.0,5.0,2.0,2.0,0.0,0.0,7.0,1.0,,57.0,7.4,1.0,4.5,1,2205,1,1.0
714,1,1,533942,38.2,76.0,20.0,2.0,0.0,2.0,0.0,2.0,0.0,2.0,0.0,0.0,7.0,,0.0,46.0,46.0,2.0,2.0,1,3205,1,1.0
719,1,0,5290402,39.8,120.0,20.0,0.0,3.0,5.0,1.0,4.0,2.0,2.0,,1.0,4.0,,,36.0,4.9,1.0,5.0,1,2205,0,1.0
721,0,1,530242,38.3,130.0,52.0,3.0,2.0,4.0,1.0,5.0,0.0,2.0,0.0,1.0,5.5,2.0,,63.0,7.5,1.0,3.9,1,3205,0,1.0
722,1,1,534938,38.3,88.0,16.0,3.0,2.0,1.0,0.0,4.0,0.0,2.0,2.0,1.0,2.0,,0.0,53.0,75.0,0.0,2.0,0,3205,0,1.0
723,1,1,528742,38.4,132.0,20.0,,2.0,4.0,1.0,1.0,0.0,1.0,0.0,0.0,5.0,0.0,1.0,69.0,8.6,1.0,4.8,1,2112,0,2.0
725,1,1,529640,38.6,72.0,30.0,2.0,2.0,4.0,0.0,2.0,2.0,2.0,2.0,0.0,4.5,,,45.0,6.2,0.0,3.3,1,2208,1,0.0
727,1,1,535240,38.3,96.0,36.0,3.0,0.0,2.0,1.0,4.0,0.0,2.0,,1.0,2.0,0.0,0.0,65.0,69.0,1.0,2.0,1,3205,1,2.0
730,1,0,528702,39.4,114.0,36.0,3.0,2.0,5.0,1.0,1.0,2.0,2.0,1.0,0.0,4.4,2.0,,50.0,7.0,1.0,3.9,1,2209,1,2.0
731,0,1,529796,38.6,50.0,12.0,2.0,0.0,0.0,0.0,2.0,3.0,1.0,0.0,1.0,3.0,2.0,,43.0,7.5,0.0,2.6,0,3111,1,0.0
734,1,1,534925,38.2,76.0,24.0,3.0,0.0,4.0,0.0,,0.0,0.0,0.0,1.0,2.0,,1.0,75.0,81.0,2.0,2.0,1,2112,0,0.0
736,1,1,528548,38.1,66.0,16.0,3.0,0.0,4.0,0.0,1.0,2.0,0.0,0.0,0.0,3.0,0.0,1.0,50.0,6.7,,3.6,1,2124,0,0.0
738,1,1,534519,37.7,84.0,32.0,3.0,2.0,5.0,0.0,1.0,0.0,2.0,1.0,1.0,2.0,2.0,1.0,75.0,81.0,,1.0,0,0,0,0.0
740,1,1,533871,38.0,86.0,24.0,,2.0,1.0,0.0,,2.0,2.0,,1.0,2.0,,0.0,55.0,65.0,0.0,1.0,0,7209,0,1.0
742,0,1,530334,38.3,52.0,12.0,2.0,0.0,0.0,0.0,3.0,2.0,1.0,0.0,1.0,5.5,2.0,,35.0,6.5,0.0,5.0,0,0,1,0.0
747,1,1,534293,37.2,96.0,16.0,3.0,2.0,1.0,0.0,1.0,0.0,0.0,1.0,1.0,2.0,,1.0,52.0,82.0,1.0,2.0,1,2209,0,1.0
748,0,1,530431,37.5,48.0,16.0,2.0,0.0,1.0,0.0,3.0,2.0,0.0,0.0,0.0,7.0,1.0,,48.0,8.5,2.0,1.3,0,2113,1,0.0
755,0,1,528890,38.9,54.0,24.0,2.0,0.0,1.0,0.0,3.0,3.0,1.0,0.0,,7.0,1.0,2.0,49.0,8.5,0.0,8.0,0,0,1,0.0
756,1,1,535166,38.2,130.0,16.0,3.0,2.0,1.0,0.0,4.0,0.0,3.0,,1.0,2.0,2.0,2.0,46.0,66.0,1.0,2.0,1,5111,0,0.0
758,1,1,535043,39.0,100.0,51.0,0.0,3.0,5.0,0.0,1.0,0.0,0.0,1.0,2.0,2.0,,1.0,66.0,13.0,1.0,2.0,1,2113,0,1.0
761,0,1,534787,38.0,36.0,16.0,3.0,0.0,0.0,0.0,5.0,3.0,1.0,0.0,0.0,2.0,2.0,,37.0,75.0,,1.0,0,3111,0,1.0
762,1,1,5292489,38.4,84.0,32.0,2.0,0.0,1.0,0.0,1.0,1.0,0.0,0.0,1.0,7.0,2.0,,43.0,8.8,0.0,5.3,1,6111,1,2.0
765,1,1,529667,39.5,64.0,40.0,2.0,0.0,0.0,0.0,1.0,2.0,1.0,0.0,0.0,7.0,2.0,,39.0,6.5,0.0,7.5,0,0,0,0.0
766,1,1,535137,39.3,100.0,24.0,0.0,2.0,2.0,1.0,2.0,0.0,0.0,1.0,1.0,2.0,,1.0,66.0,66.0,1.0,2.0,1,2113,0,0.0
768,1,1,533942,38.7,100.0,51.0,3.0,3.0,1.0,0.0,1.0,0.0,0.0,0.0,1.0,2.0,,1.0,66.0,13.0,1.0,2.0,1,2205,1,1.0
770,0,1,530242,37.2,108.0,12.0,3.0,2.0,2.0,1.0,1.0,0.0,1.0,0.0,1.0,6.0,2.0,,52.0,8.4,,7.4,1,2207,0,1.0
776,1,1,533696,37.1,60.0,12.0,3.0,0.0,1.0,0.0,,0.0,2.0,2.0,2.0,2.0,,,51.0,65.0,1.0,2.0,1,3111,0,1.0
786,0,1,535130,37.5,60.0,16.0,3.0,,1.0,0.0,4.0,0.0,2.0,0.0,1.0,2.0,0.0,0.0,55.0,55.0,1.0,2.0,0,0,0,1.0
789,1,1,527463,38.3,75.0,32.0,2.0,,0.0,0.0,2.0,2.0,0.0,0.0,1.0,5.0,,,35.0,74.0,0.0,1.0,1,2209,0,0.0
790,1,1,527563,38.1,72.0,40.0,3.0,2.0,1.0,0.0,5.0,0.0,1.0,0.0,1.0,4.5,,1.0,54.0,7.5,1.0,2.6,1,2205,0,2.0
793,0,1,529777,38.3,56.0,40.0,,,,0.0,,2.0,,0.0,,7.2,,,47.0,7.2,2.0,2.6,0,2113,1,0.0
794,0,1,530242,38.1,108.0,12.0,3.0,2.0,2.0,1.0,1.0,2.0,1.0,,0.0,6.0,2.0,,52.0,8.2,0.0,7.4,1,2207,1,1.0
795,1,1,527883,39.0,64.0,90.0,1.0,2.0,0.0,0.0,,2.0,0.0,1.0,2.0,6.5,2.0,0.0,39.0,7.0,1.0,6.0,1,31110,1,0.0
797,1,1,528996,39.2,96.0,20.0,3.0,2.0,4.0,1.0,1.0,2.0,2.0,0.0,1.0,4.5,3.0,,44.0,6.7,1.0,3.6,1,2205,0,2.0
800,0,1,534787,38.5,48.0,16.0,2.0,0.0,0.0,0.0,2.0,2.0,0.0,0.0,2.0,7.0,,,36.0,60.0,2.0,2.0,1,3111,1,1.0
801,1,1,530693,38.5,86.0,40.0,0.0,2.0,5.0,1.0,1.0,0.0,1.0,,1.0,5.5,0.0,1.0,57.0,7.5,1.0,3.4,1,2112,0,2.0
804,1,1,535338,38.5,129.0,48.0,3.0,2.0,1.0,1.0,1.0,0.0,2.0,0.0,1.0,2.0,,0.0,57.0,66.0,,2.0,1,2206,0,0.0
808,0,1,530001,39.4,112.0,36.0,3.0,2.0,4.0,1.0,5.0,2.0,2.0,1.0,1.0,2.0,,,58.0,7.0,1.0,3.9,1,2206,0,1.0
811,1,0,5290409,39.1,164.0,84.0,0.0,2.0,5.0,1.0,1.0,0.0,3.0,1.0,2.0,5.5,2.0,,48.0,7.2,1.0,5.3,1,2208,1,2.0
812,0,0,528298,38.2,72.0,24.0,,,,0.0,,,,,,5.5,,,30.0,5.7,2.0,10.0,1,3111,1,2.0
815,1,1,529424,38.0,64.0,28.0,2.0,0.0,0.0,0.0,2.0,2.0,1.0,2.0,,7.0,1.0,,40.0,7.0,2.0,5.0,0,0,1,0.0
820,1,1,533696,37.8,60.0,12.0,3.0,0.0,1.0,0.0,,0.0,2.0,1.0,1.0,2.0,,,51.0,65.0,1.0,2.0,1,3111,0,0.0
823,1,1,533847,37.3,60.0,32.0,2.0,,2.0,0.0,1.0,0.0,1.0,0.0,1.0,2.0,0.0,,45.0,70.0,0.0,2.0,1,2208,0,0.0
827,1,1,529272,38.1,54.0,40.0,2.0,0.0,3.0,0.0,1.0,1.0,2.0,2.0,0.0,4.5,,1.0,41.0,7.2,1.0,4.5,1,2209,1,2.0
829,1,1,529172,38.4,56.0,40.0,2.0,0.0,4.0,0.0,1.0,2.0,0.0,0.0,2.0,7.0,,,47.0,7.5,2.0,2.0,0,8300,0,0.0
831,1,0,5290409,39.4,164.0,84.0,3.0,0.0,5.0,1.0,1.0,0.0,3.0,0.0,1.0,5.0,,,48.0,7.6,1.0,5.2,1,2300,1,2.0
832,1,1,534784,38.0,48.0,24.0,2.0,2.0,0.0,0.0,2.0,2.0,0.0,0.0,1.0,2.0,1.0,,37.0,56.0,2.0,2.0,1,7111,0,0.0
833,1,1,528247,38.3,96.0,68.0,3.0,2.0,4.0,1.0,4.0,2.0,2.0,,0.0,3.0,1.0,,52.0,7.2,1.0,3.9,1,2209,1,2.0
835,1,1,5301219,39.9,96.0,24.0,3.0,2.0,,,4.0,0.0,2.0,1.0,1.0,6.0,0.0,0.0,45.0,7.5,1.0,2.3,1,3205,1,2.0
842,1,1,534787,38.2,36.0,16.0,3.0,0.0,0.0,0.0,5.0,3.0,1.0,2.0,1.0,2.0,2.0,,37.0,75.0,0.0,2.0,0,3111,1,1.0
843,0,1,529821,38.4,48.0,36.0,2.0,0.0,0.0,0.0,2.0,1.0,0.0,0.0,2.0,6.5,1.0,,37.0,6.5,2.0,1.0,0,0,1,0.0
846,1,1,530001,37.4,96.0,28.0,0.0,2.0,2.0,0.0,4.0,0.0,2.0,,0.0,4.5,0.0,0.0,60.0,6.5,1.0,3.6,1,3205,1,2.0
847,1,1,534556,39.3,56.0,16.0,1.0,,1.0,0.0,3.0,2.0,1.0,1.0,1.0,1.0,1.0,0.0,37.0,62.0,2.0,2.0,0,2207,0,1.0
849,1,1,534756,37.3,36.0,16.0,,2.0,0.0,0.0,1.0,2.0,1.0,2.0,0.0,2.0,2.0,0.0,37.0,75.0,1.0,1.0,0,3111,0,0.0
850,0,1,528523,38.5,54.0,20.0,2.0,0.0,0.0,0.0,1.0,3.0,0.0,0.0,2.0,3.0,2.0,,44.0,7.5,0.0,2.3,0,0,1,0.0
855,1,1,535043,39.2,100.0,51.0,3.0,0.0,5.0,0.0,2.0,0.0,2.0,1.0,2.0,2.0,,,50.0,13.0,1.0,2.0,1,2113,0,1.0
856,0,1,530002,39.6,108.0,51.0,0.0,3.0,5.0,1.0,1.0,0.0,3.0,1.0,2.0,2.0,,0.0,65.0,82.0,0.0,2.0,0,4300,0,0.0
857,1,1,535054,39.3,100.0,51.0,0.0,3.0,5.0,1.0,1.0,0.0,0.0,1.0,2.0,2.0,,1.0,66.0,13.0,1.0,2.0,1,2113,0,1.0
863,1,1,528804,38.3,66.0,12.0,2.0,0.0,0.0,0.0,2.0,2.0,2.0,0.0,0.0,4.3,3.0,,37.0,7.1,0.0,1.6,1,3205,1,0.0
864,1,1,528620,38.4,42.0,12.0,3.0,,1.0,0.0,2.0,0.0,0.0,0.0,2.0,2.0,0.0,1.0,40.0,6.7,0.0,3.9,1,2208,1,0.0
865,1,1,527463,37.1,84.0,48.0,2.0,0.0,5.0,1.0,2.0,2.0,1.0,0.0,1.0,5.0,0.0,1.0,72.0,6.6,,3.2,1,2208,0,2.0
867,0,1,529498,37.5,48.0,16.0,2.0,0.0,1.0,0.0,3.0,1.0,1.0,0.0,1.0,7.0,,3.0,41.0,8.6,0.0,5.3,0,0,1,0.0
874,1,1,529461,37.7,84.0,36.0,3.0,0.0,2.0,0.0,4.0,0.0,0.0,0.0,1.0,5.3,1.0,,43.0,6.6,1.0,4.5,1,5400,1,2.0
875,0,1,5297379,38.5,136.0,48.0,3.0,2.0,5.0,0.0,4.0,2.0,2.0,,2.0,4.0,0.0,,60.0,6.8,1.0,4.4,1,4205,1,2.0
878,1,1,533886,39.3,88.0,48.0,3.0,2.0,5.0,1.0,1.0,0.0,,1.0,1.0,2.0,,0.0,55.0,64.0,1.0,2.0,0,3205,0,1.0
879,0,1,528812,38.7,48.0,24.0,2.0,0.0,0.0,0.0,3.0,2.0,1.0,1.0,1.0,5.5,2.0,,49.0,9.1,2.0,10.1,0,3111,0,0.0
883,0,1,529703,38.6,44.0,16.0,2.0,0.0,0.0,0.0,2.0,1.0,1.0,2.0,,7.0,1.0,2.0,44.0,7.3,0.0,1.6,0,0,1,0.0
885,0,1,528469,38.1,52.0,24.0,2.0,0.0,4.0,0.0,1.0,2.0,1.0,0.0,0.0,7.0,1.0,,54.0,7.5,0.0,4.1,0,2124,1,0.0
886,0,1,528996,36.6,52.0,16.0,2.0,0.0,0.0,1.0,2.0,2.0,0.0,0.0,2.0,7.0,1.0,,32.0,6.6,0.0,4.5,1,2205,1,0.0
893,1,1,530233,37.8,114.0,36.0,3.0,2.0,5.0,1.0,1.0,2.0,2.0,0.0,1.0,4.5,1.0,,57.0,8.9,1.0,2.0,1,3207,0,2.0
895,0,1,534817,37.7,88.0,28.0,,,2.0,0.0,,,,,1.0,1.0,,1.0,55.0,80.0,1.0,2.0,0,2205,0,1.0
898,1,1,5294369,38.9,120.0,30.0,2.0,2.0,3.0,0.0,2.0,2.0,2.0,2.0,0.0,3.0,,,47.0,6.1,0.0,2.6,1,2124,1,0.0
899,0,1,528996,38.6,48.0,16.0,2.0,0.0,1.0,0.0,3.0,2.0,1.0,0.0,1.0,5.0,1.0,,42.0,6.6,2.0,5.0,0,0,1,0.0
901,1,1,526639,38.6,64.0,14.0,3.0,,1.0,0.0,2.0,2.0,2.0,2.0,0.0,4.0,0.0,1.0,35.0,5.9,0.0,3.4,1,2208,1,0.0
905,0,1,534788,37.6,52.0,16.0,3.0,2.0,1.0,1.0,1.0,2.0,2.0,,1.0,2.0,3.0,,57.0,62.0,2.0,1.0,0,5400,1,0.0
907,1,1,529703,37.1,60.0,12.0,1.0,0.0,3.0,0.0,2.0,2.0,0.0,0.0,1.0,5.3,3.0,,41.0,6.0,2.0,5.3,1,3025,1,0.0
908,0,1,5290409,38.5,52.0,24.0,3.0,2.0,1.0,0.0,2.0,2.0,1.0,0.0,1.0,5.5,1.0,,47.0,7.2,2.0,2.3,0,3111,0,0.0
909,1,1,534115,38.0,104.0,30.0,3.0,2.0,2.0,0.0,1.0,0.0,2.0,0.0,1.0,1.0,,1.0,66.0,60.0,1.0,1.0,1,2208,1,1.0
914,1,1,535338,38.5,129.0,48.0,3.0,2.0,1.0,0.0,1.0,0.0,2.0,1.0,1.0,2.0,,,57.0,66.0,,2.0,1,2208,0,0.0
915,1,1,534130,38.2,64.0,16.0,2.0,0.0,0.0,0.0,2.0,2.0,1.0,2.0,,1.0,2.0,1.0,37.0,56.0,2.0,2.0,0,2124,0,0.0
921,1,1,534784,38.5,96.0,40.0,3.0,2.0,2.0,1.0,,0.0,2.0,0.0,1.0,1.0,,1.0,55.0,75.0,1.0,2.0,1,3205,0,1.0
922,0,1,529424,38.5,92.0,28.0,2.0,0.0,3.0,0.0,2.0,2.0,1.0,2.0,0.0,7.0,1.0,,44.0,7.5,2.0,5.0,0,0,1,0.0
924,1,1,528800,38.0,48.0,16.0,3.0,2.0,2.0,0.0,2.0,2.0,1.0,0.0,0.0,2.0,,,46.0,6.1,1.0,4.5,1,1400,0,1.0
928,0,1,535381,37.1,84.0,20.0,3.0,2.0,1.0,1.0,1.0,0.0,2.0,2.0,2.0,2.0,0.0,0.0,75.0,81.0,,1.0,1,1400,0,1.0
933,1,1,529272,40.3,114.0,36.0,2.0,0.0,4.0,1.0,2.0,2.0,1.0,0.0,1.0,5.0,,1.0,57.0,8.0,1.0,4.5,1,2124,0,0.0
936,0,1,530002,38.6,48.0,24.0,3.0,0.0,0.0,0.0,3.0,2.0,0.0,0.0,1.0,2.0,0.0,,43.0,53.0,2.0,2.0,0,0,0,0.0
938,1,1,529764,37.8,44.0,12.0,2.0,0.0,0.0,0.0,3.0,1.0,0.0,0.0,0.0,7.0,1.0,,39.0,6.5,0.0,2.9,0,31110,1,0.0
939,1,1,527463,37.5,96.0,24.0,0.0,2.0,5.0,1.0,2.0,0.0,1.0,0.0,1.0,5.0,,1.0,69.0,8.9,1.0,3.9,1,2205,0,0.0
940,0,1,530478,38.6,96.0,30.0,0.0,2.0,2.0,1.0,,0.0,2.0,2.0,0.0,2.6,0.0,0.0,46.0,6.6,0.0,1.0,0,31110,1,0.0
941,0,1,529183,38.3,52.0,24.0,3.0,2.0,1.0,0.0,,0.0,1.0,0.0,1.0,5.0,2.0,,47.0,8.2,2.0,3.0,0,400,1,0.0
943,1,1,528523,38.0,44.0,9.0,3.0,0.0,0.0,0.0,2.0,2.0,0.0,0.0,0.0,3.0,0.0,1.0,35.0,6.7,,3.6,1,2208,1,0.0
945,1,0,529172,38.4,164.0,24.0,3.0,2.0,4.0,1.0,4.0,2.0,2.0,0.0,1.0,4.5,3.0,,73.0,7.4,1.0,4.5,1,2305,1,2.0
949,1,1,527709,36.5,108.0,24.0,0.0,2.0,2.0,1.0,2.0,0.0,1.0,,1.0,7.0,0.0,1.0,58.0,7.6,1.0,5.3,1,2208,0,0.0
953,1,1,533983,38.7,60.0,32.0,0.0,2.0,3.0,1.0,5.0,0.0,3.0,1.0,0.0,2.0,,,53.0,64.0,1.0,2.0,1,3205,0,1.0
956,1,0,5290409,39.0,128.0,36.0,3.0,2.0,1.0,1.0,2.0,2.0,2.0,0.0,2.0,7.0,,,53.0,5.5,1.0,5.3,1,2208,1,2.0
957,1,1,535130,38.5,88.0,30.0,0.0,2.0,1.0,0.0,2.0,0.0,2.0,0.0,1.0,2.0,,0.0,48.0,66.0,1.0,2.0,1,2205,0,1.0
959,1,1,528570,38.3,88.0,36.0,3.0,2.0,1.0,0.0,2.0,2.0,2.0,1.0,1.0,5.0,,0.0,48.0,7.5,1.0,3.6,1,9400,1,0.0
961,0,1,529663,38.0,48.0,16.0,2.0,0.0,0.0,0.0,3.0,2.0,0.0,0.0,1.0,5.3,2.0,,49.0,6.0,0.0,3.9,0,5000,1,0.0
962,1,1,528548,39.0,64.0,30.0,0.0,2.0,1.0,0.0,1.0,2.0,0.0,0.0,0.0,3.0,,0.0,47.0,7.0,1.0,3.6,1,2124,1,0.0
965,1,1,529183,38.0,36.0,20.0,2.0,0.0,0.0,0.0,3.0,2.0,1.0,0.0,0.0,5.0,,3.0,49.0,8.0,2.0,10.0,0,3111,1,0.0
966,1,0,529642,38.3,40.0,36.0,3.0,2.0,,0.0,4.0,0.0,3.0,2.0,1.0,4.5,2.0,1.0,47.0,6.5,1.0,4.1,1,2209,1,2.0
971,1,1,535043,39.3,100.0,51.0,3.0,2.0,5.0,0.0,1.0,0.0,1.0,1.0,2.0,2.0,,1.0,66.0,13.0,,2.0,1,2113,0,1.0
972,0,1,527544,35.4,140.0,36.0,3.0,2.0,0.0,0.0,1.0,2.0,1.0,0.0,1.0,6.5,,0.0,57.0,8.5,2.0,2.0,1,1400,0,2.0
973,1,1,534073,38.3,90.0,40.0,3.0,2.0,4.0,1.0,5.0,2.0,2.0,1.0,1.0,2.0,2.0,,75.0,55.0,0.0,2.0,0,2209,0,1.0
975,0,1,530334,38.6,44.0,16.0,3.0,,0.0,0.0,2.0,2.0,1.0,0.0,1.0,4.5,0.0,1.0,33.0,6.6,1.0,3.3,0,2209,1,0.0
976,1,1,527883,38.3,132.0,18.0,,2.0,5.0,1.0,1.0,0.0,0.0,0.0,1.0,6.2,0.0,1.0,48.0,7.2,,5.2,1,2112,0,0.0
977,1,1,529172,38.9,56.0,40.0,0.0,2.0,1.0,0.0,1.0,2.0,2.0,0.0,2.0,7.5,,,47.0,7.2,2.0,2.5,0,8300,0,0.0
978,0,1,529172,38.2,56.0,40.0,3.0,0.0,0.0,0.0,1.0,3.0,1.0,1.0,0.0,7.0,1.0,,47.0,7.5,2.0,2.1,0,8300,1,0.0
979,0,1,5299629,38.6,52.0,40.0,2.0,0.0,3.0,0.0,1.0,2.0,1.0,0.0,0.0,7.2,1.0,,54.0,8.0,2.0,5.2,1,0,1,0.0
980,0,1,534115,39.2,84.0,28.0,3.0,2.0,0.0,0.0,5.0,2.0,2.0,1.0,2.0,1.0,,1.0,65.0,81.0,1.0,2.0,0,1400,0,1.0
982,0,1,529821,38.3,52.0,40.0,1.0,2.0,0.0,0.0,1.0,2.0,1.0,0.0,1.0,6.5,1.0,,42.0,8.5,1.0,5.3,1,21110,1,1.0
990,1,1,527916,39.1,60.0,18.0,2.0,0.0,4.0,1.0,2.0,2.0,0.0,0.0,0.0,7.0,2.0,,50.0,7.5,0.0,1.0,1,2113,1,0.0
994,1,0,5301219,37.8,128.0,51.0,2.0,2.0,1.0,0.0,4.0,0.0,2.0,,0.0,4.4,2.0,,53.0,4.9,1.0,4.9,1,11400,1,2.0
995,0,1,5279442,38.2,66.0,12.0,3.0,2.0,5.0,0.0,1.0,0.0,2.0,0.0,2.0,5.0,,1.0,55.0,7.5,1.0,3.4,0,2205,1,0.0
996,1,1,534817,39.3,88.0,20.0,0.0,2.0,5.0,1.0,1.0,0.0,2.0,,1.0,2.0,,1.0,57.0,85.0,0.0,2.0,1,2205,0,1.0
997,0,1,533692,38.1,60.0,42.0,1.0,0.0,0.0,0.0,3.0,1.0,0.0,0.0,2.0,2.0,,3.0,37.0,67.0,2.0,1.0,0,0,0,0.0
999,0,1,5275212,37.1,84.0,36.0,3.0,2.0,2.0,0.0,2.0,0.0,2.0,,2.0,3.0,,1.0,50.0,6.0,1.0,3.9,1,2208,0,1.0
1001,0,1,529493,39.0,112.0,16.0,3.0,2.0,3.0,0.0,1.0,2.0,2.0,,1.0,5.5,0.0,0.0,57.0,6.0,1.0,2.8,0,4205,0,1.0
1002,0,1,528469,38.4,54.0,20.0,2.0,0.0,0.0,0.0,2.0,2.0,0.0,0.0,0.0,7.5,2.0,,43.0,7.0,2.0,8.0,0,0,1,0.0
1003,1,1,528702,37.8,96.0,24.0,2.0,0.0,1.0,0.0,2.0,2.0,2.0,,1.0,5.5,2.0,,48.0,7.2,1.0,4.7,1,2208,0,0.0
1004,1,1,530693,38.1,114.0,36.0,,2.0,1.0,1.0,1.0,0.0,1.0,1.0,2.0,5.5,1.0,,43.0,6.2,0.0,2.0,1,3111,0,0.0
1005,1,1,521399,37.7,72.0,40.0,3.0,2.0,2.0,0.0,5.0,2.0,,0.0,1.0,5.0,1.0,0.0,43.0,7.0,2.0,2.2,1,3205,1,1.0
1006,1,1,528729,37.6,72.0,12.0,2.0,0.0,1.0,1.0,4.0,3.0,3.0,,,3.0,1.0,2.0,38.0,4.6,2.0,3.4,1,2112,0,2.0
1007,0,1,530297,37.5,84.0,24.0,3.0,0.0,,0.0,1.0,2.0,1.0,0.0,1.0,5.0,2.0,1.0,43.0,6.2,1.0,3.6,0,1124,1,0.0
1008,1,1,534938,39.2,100.0,51.0,3.0,3.0,4.0,1.0,1.0,0.0,0.0,,2.0,2.0,0.0,1.0,66.0,13.0,1.0,2.0,1,2113,0,0.0
1010,0,1,528702,38.5,52.0,16.0,2.0,0.0,3.0,0.0,1.0,3.0,1.0,1.0,1.0,5.3,1.0,,49.0,7.2,0.0,1.6,0,0,1,0.0
1012,1,1,529888,37.2,48.0,48.0,3.0,,0.0,0.0,2.0,2.0,1.0,1.0,1.0,6.5,0.0,1.0,44.0,7.2,,9.1,1,2208,0,0.0
1014,1,1,528469,37.6,44.0,12.0,2.0,0.0,4.0,0.0,5.0,3.0,1.0,0.0,0.0,7.0,1.0,,44.0,7.5,0.0,2.3,1,2112,1,2.0
1015,1,1,534787,38.2,36.0,16.0,3.0,0.0,3.0,0.0,1.0,3.0,1.0,1.0,1.0,2.0,2.0,,52.0,75.0,0.0,2.0,1,2209,0,1.0
1018,0,1,529424,37.8,56.0,28.0,2.0,0.0,0.0,0.0,3.0,3.0,0.0,2.0,,7.0,1.0,,46.0,5.9,0.0,7.0,0,0,1,0.0
1020,0,1,528019,37.8,72.0,52.0,3.0,2.0,2.0,0.0,,2.0,2.0,0.0,1.0,7.0,,0.0,44.0,7.0,1.0,3.9,1,2206,0,0.0
1025,1,0,534519,37.2,96.0,24.0,3.0,2.0,5.0,1.0,1.0,0.0,0.0,1.0,1.0,5.5,1.0,,54.0,6.9,1.0,2.6,1,3111,0,2.0
1026,1,1,528523,38.1,52.0,96.0,2.0,2.0,4.0,0.0,5.0,2.0,0.0,1.0,2.0,7.0,1.0,,56.0,8.0,0.0,6.0,1,2112,1,2.0
1029,1,0,529172,37.6,184.0,60.0,2.0,2.0,3.0,0.0,1.0,2.0,2.0,,2.0,6.5,2.0,,74.0,6.8,0.0,2.6,1,8400,1,2.0
1031,0,1,530624,40.0,80.0,36.0,3.0,0.0,4.0,1.0,2.0,2.0,0.0,0.0,0.0,7.0,1.0,,44.0,7.5,1.0,4.5,1,1400,1,2.0
1035,0,1,528469,38.1,48.0,24.0,2.0,0.0,2.0,0.0,2.0,2.0,1.0,0.0,0.0,7.0,2.0,,45.0,7.5,0.0,2.6,0,2113,1,0.0
1036,0,1,528214,37.8,48.0,28.0,3.0,0.0,0.0,0.0,3.0,1.0,0.0,0.0,1.0,5.5,1.0,,36.0,6.6,1.0,5.3,0,0,1,0.0
1039,1,1,529172,38.1,112.0,36.0,3.0,2.0,1.0,1.0,1.0,0.0,2.0,,2.0,2.0,0.0,1.0,53.0,8.2,1.0,4.4,0,11300,1,2.0
1044,1,1,529340,37.9,60.0,30.0,2.0,0.0,0.0,0.0,2.0,2.0,1.0,,0.0,4.5,2.0,,35.0,6.6,0.0,1.5,1,5206,1,2.0
1048,0,1,529663,38.0,42.0,12.0,2.0,0.0,0.0,0.0,2.0,2.0,1.0,0.0,1.0,5.5,1.0,,37.0,7.2,0.0,1.3,0,0,1,0.0
1049,1,1,534787,38.0,36.0,16.0,3.0,0.0,0.0,0.0,5.0,3.0,2.0,2.0,1.0,2.0,2.0,,37.0,75.0,0.0,1.0,0,3111,0,1.0
1051,1,1,534579,37.2,52.0,16.0,2.0,,1.0,0.0,,0.0,2.0,1.0,1.0,2.0,,1.0,42.0,71.0,2.0,1.0,1,2208,0,1.0
1057,1,1,529461,40.3,114.0,36.0,3.0,2.0,0.0,1.0,1.0,2.0,2.0,0.0,0.0,7.0,,0.0,57.0,4.5,1.0,4.5,1,3205,1,2.0
1058,0,1,5287179,37.6,60.0,20.0,3.0,2.0,4.0,0.0,1.0,0.0,2.0,0.0,1.0,2.0,2.0,,73.0,11.0,0.0,3.4,0,400,1,2.0
1060,1,1,529796,39.3,129.0,8.0,3.0,2.0,5.0,0.0,1.0,0.0,2.0,0.0,0.0,7.0,,1.0,57.0,8.5,1.0,4.5,1,2124,1,0.0
1063,1,1,534145,38.2,120.0,48.0,0.0,2.0,1.0,0.0,,2.0,2.0,1.0,0.0,2.0,,0.0,57.0,65.0,1.0,2.0,1,3205,0,1.0
1070,0,1,529340,38.0,48.0,20.0,2.0,0.0,0.0,0.0,2.0,2.0,1.0,0.0,1.0,5.0,2.0,,40.0,6.5,2.0,1.5,0,9400,1,0.0
1076,0,1,528653,37.8,48.0,16.0,2.0,0.0,0.0,0.0,3.0,2.0,0.0,0.0,1.0,5.5,,3.0,44.0,7.5,2.0,1.0,0,3111,1,0.0
1080,0,1,528800,37.6,48.0,20.0,3.0,,2.0,0.0,1.0,0.0,1.0,0.0,0.0,4.5,2.0,,45.0,7.5,0.0,2.3,0,400,1,0.0
1083,1,1,528890,38.1,75.0,18.0,2.0,0.0,1.0,0.0,2.0,0.0,1.0,0.0,1.0,7.0,0.0,,52.0,6.8,1.0,4.3,1,7209,0,2.0
1084,1,1,527463,38.5,129.0,14.0,0.0,2.0,1.0,1.0,1.0,0.0,2.0,0.0,1.0,5.0,,1.0,57.0,8.9,,6.6,1,2208,0,0.0
1089,1,1,528183,38.3,45.0,12.0,3.0,0.0,1.0,0.0,,1.0,0.0,0.0,1.0,6.5,1.0,1.0,39.0,7.0,0.0,1.5,1,2112,0,0.0
1091,1,1,535292,38.5,129.0,30.0,3.0,2.0,1.0,0.0,1.0,0.0,2.0,0.0,0.0,2.0,,,57.0,66.0,1.0,2.0,1,2206,0,0.0
1093,0,1,529183,37.5,40.0,16.0,2.0,0.0,0.0,0.0,3.0,3.0,0.0,,1.0,5.0,1.0,,40.0,7.5,0.0,1.3,0,0,1,0.0
1096,0,1,534293,38.5,68.0,20.0,3.0,2.0,1.0,0.0,1.0,2.0,0.0,0.0,1.0,2.0,3.0,,50.0,75.0,1.0,2.0,0,0,0,0.0
1101,0,1,527365,38.0,44.0,24.0,2.0,0.0,0.0,0.0,2.0,3.0,1.0,1.0,2.0,7.0,2.0,,41.0,6.1,2.0,5.3,0,3111,0,0.0
1102,1,0,527524,38.3,80.0,30.0,3.0,2.0,3.0,0.0,1.0,2.0,2.0,0.0,0.0,7.0,1.0,,37.0,6.5,1.0,3.6,1,2208,0,2.0
1103,1,1,529373,38.3,48.0,28.0,,0.0,0.0,0.0,3.0,2.0,2.0,1.0,1.0,5.3,0.0,2.0,39.0,6.6,0.0,3.3,1,4205,1,0.0
1104,1,1,530693,38.7,52.0,51.0,2.0,0.0,1.0,0.0,2.0,2.0,2.0,0.0,2.0,2.0,0.0,1.0,33.0,7.0,,1.0,1,2208,0,2.0
1106,1,1,528151,39.5,84.0,36.0,,2.0,3.0,0.0,1.0,2.0,2.0,0.0,0.0,5.0,0.0,1.0,37.0,6.5,1.0,6.0,1,4124,1,0.0
1111,0,1,5290482,37.6,48.0,20.0,2.0,0.0,4.0,1.0,1.0,3.0,0.0,,1.0,6.2,2.0,,48.0,8.0,,5.2,0,5206,1,1.0
1116,0,1,5291329,38.4,56.0,24.0,2.0,0.0,0.0,0.0,2.0,2.0,1.0,,1.0,5.5,1.0,,49.0,6.5,2.0,5.0,0,0,1,0.0
1119,1,1,533928,39.7,100.0,24.0,3.0,2.0,2.0,0.0,,0.0,3.0,1.0,1.0,2.0,,0.0,52.0,75.0,0.0,2.0,1,2205,0,1.0
1122,1,1,529663,39.1,88.0,50.0,2.0,2.0,4.0,1.0,2.0,2.0,1.0,1.0,1.0,5.4,0.0,,51.0,8.4,0.0,2.6,0,2208,1,0.0
1126,1,0,533886,38.0,104.0,70.0,3.0,2.0,4.0,1.0,1.0,0.0,2.0,1.0,1.0,2.0,0.0,,47.0,54.0,1.0,2.0,1,2205,0,0.0
1127,1,1,529667,39.3,114.0,36.0,3.0,2.0,2.0,1.0,1.0,2.0,1.0,1.0,0.0,7.0,,1.0,57.0,8.1,1.0,2.0,1,2113,0,0.0
1129,1,1,534293,38.2,130.0,16.0,3.0,2.0,1.0,0.0,1.0,0.0,3.0,1.0,0.0,2.0,,,66.0,82.0,0.0,2.0,0,2209,0,1.0
1130,1,1,529475,38.4,52.0,30.0,2.0,0.0,1.0,0.0,3.0,2.0,1.0,1.0,1.0,4.0,,3.0,37.0,6.6,0.0,5.0,1,3111,1,0.0
1134,1,1,5278331,36.7,84.0,30.0,3.0,2.0,2.0,1.0,1.0,2.0,2.0,,1.0,4.5,0.0,0.0,40.0,7.8,1.0,2.6,1,3205,1,2.0
1136,0,1,533692,37.8,88.0,28.0,3.0,2.0,,0.0,5.0,0.0,,1.0,1.0,1.0,0.0,,33.0,64.0,0.0,2.0,1,3205,0,1.0
1137,1,1,529461,39.1,164.0,48.0,3.0,2.0,5.0,1.0,4.0,2.0,2.0,0.0,2.0,6.5,,1.0,65.0,7.8,1.0,4.5,1,2205,0,2.0
1139,0,1,535196,38.2,129.0,48.0,3.0,2.0,2.0,1.0,1.0,0.0,2.0,0.0,1.0,2.0,,0.0,57.0,66.0,1.0,2.0,1,3205,0,1.0
1141,1,1,5290409,39.1,84.0,36.0,,2.0,1.0,0.0,2.0,2.0,2.0,0.0,0.0,7.0,0.0,1.0,40.0,7.5,1.0,5.3,1,2208,1,2.0
1142,1,1,534925,38.7,120.0,48.0,3.0,2.0,4.0,0.0,,2.0,1.0,1.0,1.0,2.0,,,56.0,64.0,,2.0,0,1400,0,1.0
1145,1,1,530002,39.0,100.0,51.0,0.0,2.0,5.0,0.0,1.0,0.0,0.0,,1.0,2.0,0.0,1.0,59.0,8.2,0.0,2.6,1,2113,0,0.0
1147,1,1,529685,37.3,30.0,68.0,2.0,0.0,1.0,0.0,2.0,0.0,1.0,0.0,2.0,6.5,,1.0,36.0,5.9,1.0,4.1,1,2208,1,0.0
1152,1,0,533885,38.1,48.0,14.0,3.0,0.0,0.0,0.0,1.0,2.0,2.0,1.0,1.0,1.0,1.0,,33.0,65.0,0.0,2.0,1,3111,1,0.0
1155,1,0,529135,39.3,66.0,12.0,3.0,0.0,3.0,0.0,5.0,3.0,1.0,0.0,0.0,3.0,3.0,,58.0,7.0,2.0,2.4,1,7111,0,0.0
1157,1,1,530401,37.9,68.0,20.0,,0.0,3.0,0.0,1.0,0.0,1.0,,,5.0,1.0,0.0,45.0,4.0,1.0,2.8,1,5400,1,2.0
1158,0,1,528996,38.6,54.0,12.0,2.0,0.0,0.0,0.0,2.0,2.0,0.0,1.0,1.0,5.0,1.0,,49.0,8.1,2.0,5.0,0,0,1,0.0
1167,1,1,535158,38.0,120.0,60.0,0.0,2.0,4.0,1.0,1.0,0.0,3.0,1.0,1.0,2.0,,1.0,68.0,75.0,0.0,1.0,1,2208,1,1.0
1169,1,1,533692,37.6,88.0,20.0,3.0,2.0,1.0,0.0,2.0,2.0,2.0,0.0,,1.0,0.0,,33.0,66.0,0.0,2.0,1,2208,0,1.0
1170,1,1,528743,38.0,66.0,24.0,3.0,2.0,2.0,0.0,5.0,2.0,0.0,1.0,0.0,4.5,0.0,,44.0,6.4,1.0,2.6,1,2205,1,2.0
1172,1,1,535043,38.5,100.0,51.0,3.0,3.0,4.0,1.0,1.0,0.0,0.0,0.0,0.0,2.0,,1.0,66.0,13.0,1.0,2.0,1,2208,0,0.0
1175,1,1,528743,37.1,75.0,36.0,,0.0,5.0,1.0,5.0,0.0,1.0,0.0,1.0,5.0,0.0,1.0,48.0,7.4,1.0,3.2,1,12208,1,2.0
1179,0,1,529642,38.2,44.0,36.0,2.0,0.0,1.0,0.0,3.0,3.0,0.0,0.0,2.0,4.5,1.0,,44.0,7.0,0.0,4.1,0,0,1,0.0
1183,0,1,530381,38.0,104.0,40.0,3.0,2.0,4.0,1.0,5.0,0.0,3.0,2.0,2.0,3.0,,0.0,73.0,10.2,2.0,3.6,1,41110,1,1.0
1186,1,1,530693,37.8,48.0,18.0,3.0,0.0,0.0,0.0,1.0,2.0,0.0,,2.0,4.5,1.0,2.0,46.0,5.7,0.0,10.1,0,31110,1,1.0
1187,1,1,528904,37.5,72.0,60.0,,0.0,4.0,0.0,0.0,2.0,0.0,0.0,2.0,5.0,0.0,1.0,48.0,8.0,1.0,2.3,1,2207,0,1.0
1188,0,1,528247,38.6,54.0,20.0,2.0,0.0,1.0,0.0,3.0,2.0,0.0,0.0,1.0,5.0,,3.0,49.0,7.0,0.0,5.0,0,3111,1,0.0
1192,1,1,535292,38.3,48.0,12.0,2.0,2.0,1.0,0.0,2.0,2.0,2.0,0.0,1.0,2.0,0.0,1.0,41.0,66.0,,2.0,1,2208,0,0.0
1193,0,1,529399,38.1,54.0,24.0,2.0,,4.0,1.0,2.0,1.0,2.0,0.0,1.0,4.0,3.0,3.0,36.0,5.7,2.0,3.9,1,3111,1,0.0
1195,0,1,527463,39.5,108.0,36.0,3.0,2.0,2.0,1.0,1.0,0.0,3.0,,1.0,5.0,0.0,0.0,53.0,8.0,1.0,3.9,1,1124,1,0.0
1197,0,1,530526,37.9,80.0,36.0,3.0,,4.0,1.0,2.0,2.0,2.0,0.0,1.0,2.0,0.0,,72.0,7.0,1.0,3.9,0,2113,1,1.0
1206,1,1,533836,39.1,120.0,40.0,0.0,2.0,3.0,0.0,2.0,2.0,2.0,1.0,0.0,2.0,0.0,,68.0,64.0,1.0,2.0,1,2208,0,0.0
1208,1,1,534787,38.0,36.0,16.0,3.0,,1.0,0.0,5.0,0.0,1.0,2.0,1.0,2.0,2.0,,52.0,75.0,2.0,2.0,1,3111,0,1.0
1209,1,0,529126,38.6,72.0,12.0,3.0,0.0,3.0,0.0,3.0,3.0,1.0,0.0,1.0,6.5,1.0,,45.0,7.2,0.0,2.8,1,7111,1,0.0
1213,0,1,530670,40.3,96.0,36.0,3.0,2.0,0.0,0.0,1.0,2.0,1.0,1.0,0.0,7.0,0.0,,70.0,7.5,1.0,4.5,1,1400,1,2.0
1214,1,1,527933,38.1,60.0,18.0,,,,,1.0,,,,1.0,1.0,,,43.0,58.0,0.0,1.0,1,2209,1,2.0
1216,1,1,534293,38.5,132.0,48.0,3.0,2.0,2.0,1.0,1.0,0.0,3.0,1.0,0.0,2.0,0.0,,57.0,82.0,0.0,2.0,0,1400,0,1.0
1221,1,1,533942,38.3,112.0,16.0,3.0,2.0,0.0,0.0,1.0,0.0,0.0,1.0,1.0,2.0,2.0,,51.0,75.0,1.0,2.0,1,6209,0,1.0
1223,1,1,529304,38.0,44.0,14.0,2.0,0.0,0.0,0.0,2.0,2.0,2.0,0.0,1.0,7.0,2.0,,59.0,7.2,0.0,2.1,1,5400,0,2.0
1227,1,1,534293,38.5,48.0,16.0,2.0,0.0,0.0,0.0,3.0,2.0,1.0,0.0,2.0,1.5,2.0,,41.0,61.0,2.0,1.0,0,0,0,0.0
1230,1,1,535246,38.5,129.0,48.0,3.0,2.0,1.0,1.0,1.0,0.0,2.0,1.0,1.0,2.0,,0.0,57.0,66.0,1.0,2.0,1,2206,0,0.0
1232,1,0,529685,37.5,84.0,40.0,2.0,2.0,0.0,0.0,2.0,2.0,1.0,0.0,0.0,3.0,3.0,,40.0,5.9,0.0,7.0,1,400,1,0.0
1234,1,1,528548,38.1,54.0,36.0,2.0,0.0,1.0,0.0,2.0,0.0,0.0,0.0,0.0,3.0,,1.0,45.0,6.0,2.0,3.6,1,2124,1,0.0
1235,0,1,530101,38.5,66.0,28.0,3.0,2.0,,1.0,4.0,0.0,3.0,,,,2.0,0.0,45.0,8.4,,,0,11300,0,2.0
1236,1,1,534817,39.2,88.0,20.0,,,2.0,0.0,2.0,0.0,1.0,,,,0.0,3.0,50.0,85.0,0.0,2.0,0,2208,0,1.0
1237,0,1,530334,38.3,40.0,24.0,2.0,0.0,1.0,0.0,2.0,2.0,0.0,,,,1.0,2.0,33.0,6.7,,,0,0,1,0.0
1238,0,1,530255,37.3,104.0,35.0,,,5.0,1.0,,,,,,,,,74.0,7.4,,,0,4300,0,
1239,0,1,528355,,,,1.0,0.0,1.0,0.0,1.0,2.0,1.0,0.0,0.0,,2.0,,,,,,0,0,0,2.0
1240,1,1,526802,37.9,48.0,16.0,2.0,0.0,0.0,0.0,2.0,2.0,2.0,1.0,0.0,,2.0,0.0,37.0,7.0,,,1,3124,0,0.0
1241,1,1,529607,,60.0,,3.0,,,0.0,,0.0,1.0,0.0,0.0,,2.0,1.0,44.0,8.3,,,1,2208,0,0.0
1242,0,1,530051,,80.0,36.0,3.0,3.0,1.0,0.0,5.0,0.0,3.0,0.0,0.0,,2.0,0.0,38.0,6.2,,,1,3205,0,2.0
1243,0,0,5299629,38.3,90.0,,2.0,,0.0,0.0,4.0,2.0,0.0,0.0,0.0,,2.0,,40.0,6.2,2.0,2.2,0,0,1,1.0
1245,0,1,527927,39.1,72.0,52.0,1.0,,3.0,0.0,1.0,1.0,1.0,1.0,0.0,,0.0,1.0,50.0,7.8,,,1,2111,0,0.0
1246,1,1,528031,37.2,42.0,12.0,1.0,0.0,0.0,0.0,2.0,2.0,2.0,2.0,0.0,,0.0,0.0,,7.0,,,0,4124,0,0.0
1247,0,0,5291329,38.0,92.0,28.0,2.0,0.0,3.0,0.0,3.0,2.0,1.0,2.0,,7.2,1.0,2.0,37.0,6.1,2.0,,0,0,1,0.0
1248,1,1,534917,38.2,76.0,28.0,3.0,0.0,0.0,0.0,2.0,0.0,0.0,0.0,2.0,,0.0,1.0,46.0,81.0,2.0,2.0,1,2112,0,2.0
1249,1,1,530233,37.6,96.0,48.0,3.0,0.0,2.0,0.0,4.0,2.0,2.0,0.0,1.0,4.5,0.0,,45.0,6.8,,,1,3207,0,0.0
1250,1,0,5301219,,128.0,36.0,3.0,2.0,2.0,1.0,5.0,0.0,2.0,2.0,,,0.0,0.0,53.0,7.8,1.0,4.7,0,1400,1,2.0
1251,0,1,526639,37.5,48.0,24.0,,,,,,,,,,,,,,,,,0,0,0,2.0
1252,1,1,5290481,37.6,64.0,21.0,2.0,0.0,3.0,0.0,1.0,2.0,0.0,1.0,0.0,,3.0,0.0,40.0,7.0,2.0,,1,4205,1,0.0
1253,0,1,532110,39.4,110.0,35.0,0.0,2.0,5.0,,,2.0,2.0,,,,,,55.0,8.7,,,0,0,0,0.0
1254,1,1,530157,39.9,72.0,60.0,2.0,0.0,4.0,1.0,4.0,0.0,3.0,2.0,0.0,,0.0,1.0,46.0,6.1,0.0,,1,2111,0,0.0
1255,0,1,529340,38.4,48.0,16.0,2.0,,0.0,0.0,3.0,2.0,0.0,0.0,1.0,5.5,0.0,,49.0,6.8,,,0,0,0,0.0
1256,1,1,521681,38.6,42.0,34.0,1.0,0.0,2.0,,1.0,2.0,0.0,,,,1.0,,48.0,7.2,,,1,3111,0,0.0
1257,1,0,534998,38.3,130.0,60.0,,2.0,,0.0,1.0,0.0,,,,,,,50.0,70.0,,,1,3111,0,0.0
1258,1,1,533692,38.1,60.0,12.0,3.0,2.0,1.0,0.0,,0.0,2.0,2.0,2.0,2.0,,,51.0,65.0,,,1,3111,0,0.0
1259,0,1,529518,37.8,60.0,42.0,,,,0.0,,,,,,,,,,,,,0,0,0,0.0
1260,1,1,530526,38.3,72.0,30.0,0.0,2.0,1.0,1.0,2.0,2.0,2.0,0.0,0.0,,2.0,0.0,43.0,7.0,0.0,3.9,1,3111,1,0.0
1261,1,1,528653,37.8,48.0,12.0,3.0,0.0,0.0,0.0,,2.0,1.0,1.0,0.0,,1.0,,37.0,5.5,0.0,1.3,0,4122,1,0.0
1262,1,1,5279442,,,,,,,,,,,,,,,,,,,,0,4300,0,0.0
1263,0,1,535415,37.7,48.0,,1.0,0.0,0.0,0.0,3.0,1.0,0.0,1.0,0.0,,,,45.0,76.0,,,0,0,0,2.0
1264,0,1,529475,37.7,96.0,30.0,3.0,2.0,2.0,1.0,4.0,0.0,3.0,2.0,2.0,4.0,0.0,0.0,66.0,7.5,,,1,4205,0,0.0
1265,1,1,529427,37.2,60.0,,1.0,0.0,0.0,0.0,2.0,2.0,2.0,0.0,0.0,,0.0,0.0,43.0,6.6,,,1,2209,0,2.0
1266,1,1,529663,38.2,64.0,28.0,2.0,0.0,0.0,0.0,2.0,1.0,,,,,0.0,1.0,49.0,8.6,0.0,6.6,1,2208,1,
1267,1,1,529796,,100.0,30.0,3.0,2.0,2.0,1.0,4.0,0.0,3.0,2.0,1.0,,0.0,1.0,52.0,6.6,,,1,1124,0,0.0
1268,0,1,528812,,104.0,24.0,0.0,2.0,1.0,1.0,5.0,0.0,2.0,,1.0,,,3.0,73.0,8.4,,,1,7111,0,0.0
1269,0,1,529493,38.3,112.0,16.0,,2.0,4.0,1.0,,,0.0,1.0,2.0,,,0.0,51.0,6.0,0.0,1.0,0,5205,1,0.0
1270,1,1,533847,37.8,72.0,,,2.0,,0.0,4.0,2.0,0.0,,0.0,,1.0,2.0,56.0,80.0,2.0,2.0,1,3111,0,1.0
1271,0,1,528996,38.6,52.0,,2.0,0.0,0.0,0.0,2.0,2.0,1.0,1.0,0.0,,1.0,,32.0,6.6,2.0,5.0,0,0,1,1.0
1272,1,0,5277409,39.2,146.0,96.0,,,,,,,,,,,,,,,,,1,2113,0,0.0
1273,1,1,529498,,88.0,,3.0,2.0,5.0,1.0,4.0,2.0,2.0,1.0,1.0,,0.0,0.0,63.0,6.5,1.0,,1,4205,0,0.0
1274,0,0,5288249,39.0,150.0,72.0,,,,,,,,,,,,,47.0,8.5,,0.1,1,9400,1,2.0
1275,0,1,530301,38.0,60.0,12.0,3.0,0.0,1.0,0.0,2.0,2.0,0.0,1.0,0.0,,3.0,3.0,47.0,7.0,,,0,3111,0,2.0
1276,1,1,534069,,120.0,,3.0,3.0,2.0,0.0,5.0,0.0,3.0,1.0,0.0,,,0.0,52.0,67.0,0.0,2.0,1,3205,0,0.0
1277,1,1,535407,35.4,140.0,24.0,3.0,2.0,2.0,1.0,5.0,0.0,,0.0,0.0,,,0.0,57.0,69.0,1.0,2.0,1,3205,0,0.0
1278,0,1,529827,,120.0,,0.0,2.0,2.0,1.0,4.0,0.0,3.0,1.0,0.0,,0.0,0.0,60.0,6.5,1.0,,1,3205,0,1.0
1279,1,1,529888,37.9,60.0,15.0,3.0,,2.0,1.0,4.0,0.0,3.0,0.0,2.0,,0.0,0.0,65.0,7.5,,,1,2305,1,1.0
1280,0,1,529821,37.5,48.0,16.0,2.0,0.0,0.0,0.0,3.0,1.0,0.0,1.0,0.0,,1.0,,37.0,6.5,,,0,0,0,2.0
1281,1,1,528890,38.9,80.0,44.0,3.0,2.0,1.0,1.0,1.0,2.0,2.0,0.0,2.0,7.0,2.0,2.0,54.0,6.5,1.0,,1,7111,0,0.0
1282,0,1,529642,37.2,84.0,48.0,3.0,2.0,4.0,1.0,5.0,1.0,1.0,1.0,2.0,,3.0,2.0,73.0,5.5,0.0,4.1,0,4300,1,0.0
1283,0,1,529766,38.6,46.0,,2.0,0.0,3.0,0.0,3.0,2.0,1.0,1.0,0.0,,,3.0,49.0,9.1,2.0,1.6,0,3111,1,2.0
1284,1,1,527706,37.4,84.0,36.0,2.0,,1.0,1.0,2.0,2.0,1.0,,,,0.0,0.0,,,1.0,,1,7209,1,2.0
1285,0,1,529483,,,,2.0,0.0,1.0,0.0,3.0,2.0,0.0,,,,3.0,3.0,43.0,7.7,,,0,3111,0,0.0
1286,0,1,530544,38.6,40.0,20.0,,,,0.0,,,,,,,,,41.0,6.4,,,0,3111,1,2.0
1288,1,0,5282839,38.6,160.0,20.0,3.0,,4.0,0.0,2.0,2.0,3.0,2.0,,,0.0,,38.0,,0.0,,1,7111,1,0.0
1289,1,1,528872,,,,,,,,,,,,,,,,24.0,6.7,,,1,3112,0,1.0
1290,1,1,529640,,64.0,36.0,1.0,,3.0,0.0,4.0,2.0,2.0,0.0,2.0,,,,42.0,7.7,,,1,3209,0,2.0
1291,1,1,528298,,,20.0,0.0,2.0,1.0,,4.0,0.0,2.0,0.0,,,0.0,1.0,53.0,5.9,1.0,,1,3205,1,0.0
1292,0,1,528904,,96.0,,3.0,2.0,1.0,1.0,4.0,0.0,3.0,1.0,2.0,,0.0,0.0,60.0,,,,1,4205,0,2.0
1293,0,1,530438,37.8,48.0,32.0,2.0,0.0,1.0,0.0,1.0,1.0,,1.0,0.0,,0.0,0.0,37.0,6.7,,,0,2124,0,2.0
1294,0,1,527957,38.5,60.0,,1.0,1.0,0.0,0.0,3.0,3.0,1.0,0.0,0.0,,1.0,2.0,44.0,7.7,,,0,0,0,2.0
1295,1,1,528630,37.8,88.0,22.0,1.0,0.0,3.0,0.0,2.0,,,0.0,,,0.0,,64.0,8.0,2.0,6.0,1,3205,1,0.0
1296,0,1,534293,38.2,130.0,16.0,0.0,2.0,2.0,1.0,1.0,0.0,3.0,1.0,0.0,,,,65.0,82.0,0.0,2.0,0,2209,0,0.0
1298,1,1,534885,,60.0,36.0,3.0,0.0,1.0,0.0,2.0,2.0,1.0,1.0,0.0,,2.0,1.0,26.0,72.0,0.0,1.0,1,2208,0,1.0
1299,0,1,534784,37.9,72.0,,2.0,0.0,4.0,1.0,2.0,2.0,0.0,1.0,1.0,2.0,2.0,1.0,58.0,74.0,2.0,2.0,1,2322,0,0.0
1300,0,1,528931,38.4,54.0,24.0,2.0,0.0,0.0,0.0,3.0,2.0,0.0,0.0,0.0,,2.0,3.0,49.0,7.2,2.0,,0,3111,1,0.0
1301,0,1,529777,,52.0,16.0,2.0,,1.0,0.0,,,,0.0,1.0,5.5,,,55.0,7.2,,,0,2124,0,0.0
1302,0,1,530276,38.0,48.0,12.0,2.0,0.0,0.0,0.0,3.0,2.0,,1.0,0.0,,2.0,3.0,42.0,6.3,0.0,4.1,0,3111,1,0.0
1303,0,1,528214,37.0,60.0,20.0,3.0,,,0.0,2.0,,2.0,0.0,2.0,4.5,0.0,1.0,43.0,7.6,,,1,2209,1,0.0
1304,1,1,529424,37.8,48.0,28.0,2.0,0.0,0.0,0.0,3.0,3.0,0.0,0.0,,,1.0,2.0,46.0,5.9,0.0,7.0,0,0,1,0.0
1305,1,1,5299253,37.7,56.0,,,,,,,,,,,,,,,,,,1,2113,0,1.0
1306,1,1,528469,38.1,52.0,24.0,2.0,0.0,4.0,0.0,5.0,2.0,0.0,0.0,1.0,7.0,1.0,,54.0,7.5,0.0,2.6,1,2112,1,0.0
1307,1,0,5292929,,,,,,,,,,,,,,,,37.0,4.9,,,1,11124,0,2.0
1308,1,0,534092,39.7,100.0,,3.0,2.0,4.0,1.0,1.0,2.0,,,,,,,48.0,57.0,0.0,2.0,1,1400,0,2.0
1309,1,1,534615,37.6,38.0,20.0,3.0,2.0,0.0,0.0,2.0,2.0,1.0,,,,2.0,,37.0,68.0,,,1,3205,0,2.0
1310,0,1,534753,38.7,52.0,20.0,1.0,,0.0,0.0,3.0,1.0,0.0,1.0,0.0,,1.0,2.0,33.0,77.0,,,0,0,0,1.0
1311,1,1,530693,,,,3.0,2.0,1.0,2.0,4.0,2.0,2.0,2.0,2.0,,0.0,0.0,46.0,5.9,,,1,3025,0,0.0
1312,1,1,527463,37.5,96.0,18.0,2.0,2.0,5.0,1.0,2.0,0.0,1.0,0.0,1.0,5.0,,1.0,69.0,8.9,1.0,,1,2208,1,0.0
1313,1,1,527518,36.4,98.0,35.0,3.0,2.0,2.0,0.0,5.0,2.0,1.0,,,,0.0,1.0,47.0,6.4,1.0,3.6,1,2205,1,2.0
1314,1,1,534756,37.3,40.0,,,2.0,0.0,0.0,1.0,2.0,1.0,2.0,0.0,,2.0,0.0,36.0,,1.0,2.0,1,3111,0,0.0
1315,1,0,5290759,38.1,100.0,80.0,3.0,0.0,3.0,0.0,2.0,0.0,0.0,,,,1.0,,36.0,5.7,,,1,3111,0,2.0
1316,1,1,5279822,38.0,,24.0,3.0,2.0,5.0,1.0,4.0,,3.0,1.0,0.0,,,,68.0,7.8,,,1,3205,0,0.0
1317,1,1,529849,37.8,60.0,80.0,2.0,2.0,3.0,1.0,1.0,2.0,2.0,,2.0,5.5,0.0,,40.0,4.5,0.0,,1,5206,1,0.0
1318,0,1,529304,38.0,54.0,30.0,1.0,2.0,1.0,2.0,2.0,1.0,1.0,0.0,2.0,,,1.0,45.0,6.2,,,0,400,0,2.0
1319,1,1,529388,,88.0,40.0,3.0,2.0,2.0,1.0,4.0,0.0,2.0,2.0,,,0.0,0.0,50.0,7.7,1.0,1.4,1,4205,1,0.0
1320,0,1,528006,,40.0,16.0,,,,0.0,,,,,,,,,50.0,7.0,0.0,3.9,1,2208,1,0.0
1321,0,1,529703,39.0,64.0,40.0,2.0,0.0,4.0,0.0,2.0,2.0,1.0,0.0,0.0,,2.0,,42.0,7.5,0.0,2.3,0,5000,1,2.0
1322,0,1,535381,38.3,42.0,10.0,2.0,0.0,0.0,0.0,3.0,1.0,0.0,,,,,,38.0,61.0,,,0,0,0,1.0
1323,0,1,534197,38.0,52.0,16.0,,,,,1.0,,,,1.0,1.0,1.0,2.0,53.0,86.0,,,1,2322,0,0.0
1325,0,1,530251,38.8,50.0,20.0,3.0,0.0,0.0,0.0,3.0,1.0,0.0,0.0,0.0,,2.0,2.0,42.0,6.2,,,0,0,0,0.0
1326,0,1,530310,,,,3.0,2.0,0.0,0.0,4.0,2.0,2.0,1.0,0.0,,0.0,0.0,38.0,6.5,,,1,3205,0,2.0
1327,0,1,528729,37.5,48.0,30.0,0.0,0.0,1.0,0.0,,3.0,0.0,1.0,0.0,,1.0,2.0,48.0,8.6,,,0,0,0,0.0
1328,1,1,535158,37.3,48.0,20.0,,0.0,3.0,0.0,2.0,2.0,2.0,0.0,0.0,,2.0,0.0,41.0,69.0,,,1,3205,0,2.0
1329,0,1,530319,,84.0,36.0,,,1.0,0.0,,2.0,0.0,0.0,0.0,,2.0,3.0,44.0,8.5,,,1,3111,0,0.0
1330,1,1,534145,38.1,88.0,32.0,3.0,2.0,2.0,0.0,1.0,2.0,2.0,,1.0,1.0,0.0,0.0,55.0,60.0,,,0,3205,0,0.0
1331,0,1,534135,37.7,44.0,40.0,1.0,0.0,1.0,0.0,3.0,2.0,1.0,1.0,0.0,,1.0,0.0,41.0,60.0,,,0,0,0,0.0
1332,0,1,530002,39.6,108.0,51.0,3.0,2.0,5.0,1.0,1.0,0.0,2.0,1.0,2.0,,2.0,0.0,59.0,8.0,0.0,2.6,0,4300,1,1.0
1333,1,1,535364,38.2,40.0,16.0,3.0,2.0,0.0,0.0,3.0,2.0,,,,,1.0,2.0,34.0,66.0,,,0,0,0,0.0
1334,1,1,534899,,60.0,20.0,0.0,2.0,2.0,1.0,4.0,0.0,,,0.0,,0.0,0.0,,,,,1,3205,0,0.0
1335,0,1,534938,38.3,40.0,16.0,3.0,,0.0,0.0,1.0,,,,,,,,37.0,57.0,,,0,0,0,0.0
1336,1,0,5292489,38.0,140.0,68.0,2.0,0.0,0.0,0.0,2.0,2.0,1.0,,,,3.0,2.0,39.0,5.3,,,1,7111,0,1.0
1338,1,1,530381,,70.0,36.0,2.0,,1.0,1.0,1.0,2.0,1.0,0.0,,,0.0,0.0,36.0,7.3,,,1,31110,0,0.0
1339,1,1,528668,38.3,52.0,96.0,,2.0,1.0,0.0,,,,1.0,0.0,,1.0,,43.0,6.1,,,1,3209,1,2.0
1340,0,1,529764,37.3,50.0,32.0,2.0,0.0,1.0,0.0,3.0,2.0,1.0,,,,1.0,,44.0,7.0,,,0,0,0,0.0
1341,1,1,533696,38.7,60.0,32.0,0.0,2.0,3.0,1.0,5.0,0.0,3.0,,,,0.0,0.0,53.0,64.0,1.0,2.0,1,3205,0,0.0
1342,1,0,5297379,38.4,84.0,40.0,3.0,2.0,3.0,0.0,2.0,2.0,2.0,1.0,0.0,,,,36.0,6.6,0.0,2.8,1,2205,1,0.0
1343,1,1,527544,,70.0,16.0,3.0,3.0,4.0,1.0,1.0,2.0,1.0,0.0,0.0,,0.0,0.0,60.0,7.5,,,1,2112,0,1.0
1344,1,1,533736,38.3,40.0,16.0,3.0,,,0.0,3.0,2.0,1.0,,,,,,38.0,58.0,2.0,2.0,1,3111,0,2.0
1345,1,1,534963,,40.0,,1.0,0.0,0.0,0.0,3.0,2.0,0.0,1.0,0.0,,,0.0,39.0,56.0,,,1,3111,0,2.0
1346,1,1,527933,36.8,60.0,28.0,,,,,,,,,,,,,,,,10.0,1,3205,1,0.0
1347,1,1,532349,38.4,44.0,24.0,3.0,,2.0,,4.0,0.0,2.0,0.0,0.0,,0.0,0.0,50.0,77.0,,,1,3205,0,0.0
1348,0,1,533723,,,40.0,3.0,0.0,0.0,0.0,2.0,2.0,1.0,,,,,,45.0,70.0,,,0,0,0,2.0
1349,1,1,535208,38.0,44.0,12.0,2.0,0.0,0.0,0.0,2.0,2.0,2.0,0.0,0.0,,0.0,0.0,42.0,65.0,,,1,3205,0,0.0
1350,0,1,5290482,39.5,,,3.0,2.0,2.0,1.0,2.0,0.0,2.0,,1.0,5.5,0.0,0.0,,6.7,2.0,,1,4205,0,0.0
1351,1,1,533983,36.5,78.0,30.0,2.0,,0.0,0.0,4.0,2.0,0.0,,0.0,,,,34.0,75.0,0.0,1.0,1,3112,0,0.0
1352,0,1,535166,38.1,56.0,20.0,1.0,0.0,3.0,0.0,3.0,2.0,0.0,1.0,0.0,,,,46.0,70.0,,,0,0,0,1.0
1353,1,1,528682,39.4,54.0,66.0,2.0,0.0,3.0,0.0,1.0,2.0,1.0,1.0,0.0,,2.0,1.0,39.0,6.0,0.0,,1,2206,1,0.0
1354,1,1,534556,38.3,80.0,40.0,,,5.0,1.0,5.0,2.0,0.0,,2.0,,1.0,1.0,67.0,10.2,0.0,1.0,1,2208,0,0.0
1355,0,1,534579,38.7,40.0,28.0,1.0,0.0,0.0,0.0,2.0,1.0,0.0,,,,1.0,,39.0,62.0,2.0,1.0,0,0,0,0.0
1356,1,1,530360,38.2,64.0,24.0,2.0,0.0,1.0,0.0,5.0,0.0,2.0,0.0,0.0,,0.0,1.0,45.0,7.5,2.0,2.0,1,3205,1,1.0
1357,0,1,529840,37.6,48.0,20.0,3.0,0.0,2.0,0.0,3.0,1.0,2.0,0.0,0.0,,1.0,2.0,37.0,5.5,,,1,2205,0,0.0
1358,1,1,528461,38.0,42.0,68.0,0.0,0.0,0.0,0.0,2.0,2.0,1.0,0.0,2.0,,0.0,1.0,41.0,7.6,,,1,2205,0,2.0
1359,1,1,530384,38.7,,,3.0,0.0,1.0,0.0,4.0,0.0,1.0,,,,,,33.0,6.5,0.0,,1,31110,0,1.0
1360,1,1,5262541,37.4,50.0,32.0,3.0,2.0,,0.0,5.0,0.0,0.0,0.0,0.0,,1.0,,45.0,7.9,0.0,1.0,1,2208,1,0.0
1361,1,1,535330,37.4,84.0,20.0,,,1.0,0.0,1.0,2.0,2.0,,,,,,31.0,61.0,,1.0,0,2208,0,0.0
1362,1,1,527698,38.4,49.0,,,,0.0,0.0,,,0.0,0.0,0.0,,,,44.0,7.6,,,1,2206,0,0.0
1363,1,1,528964,37.8,30.0,12.0,,,,,,,,,,,,,,,,,1,2113,0,1.0
1364,0,1,530670,37.6,88.0,36.0,3.0,0.0,0.0,0.0,2.0,2.0,1.0,1.0,1.0,1.5,,,44.0,6.0,,,1,1400,0,0.0
1365,0,1,530294,37.9,40.0,24.0,2.0,0.0,0.0,0.0,1.0,2.0,0.0,,,,,,40.0,5.7,,,1,400,0,2.0
1366,1,1,527524,,100.0,,3.0,,2.0,1.0,4.0,0.0,,0.0,,,3.0,,59.0,6.3,,,1,4205,0,2.0
1367,1,0,5287179,38.1,136.0,48.0,3.0,2.0,1.0,0.0,4.0,1.0,2.0,0.0,2.0,4.4,3.0,,33.0,4.9,0.0,2.9,1,2205,1,0.0
1368,1,1,530693,,,,3.0,2.0,1.0,1.0,4.0,2.0,2.0,2.0,2.0,,0.0,0.0,46.0,5.9,,,1,3025,0,2.0
1369,1,1,534324,38.0,48.0,,2.0,0.0,0.0,0.0,3.0,3.0,3.0,0.0,2.0,,0.0,0.0,,,,,1,3111,0,2.0
1370,0,1,532349,38.0,56.0,,2.0,1.0,1.0,0.0,3.0,1.0,0.0,1.0,0.0,,1.0,2.0,42.0,71.0,,,0,0,0,2.0
1371,0,1,534491,38.0,60.0,32.0,2.0,0.0,,0.0,2.0,2.0,,1.0,0.0,,,,50.0,7.0,2.0,1.0,0,0,0,0.0
1372,1,1,529960,38.1,44.0,9.0,3.0,0.0,0.0,0.0,1.0,3.0,0.0,1.0,0.0,,0.0,0.0,31.0,7.3,,,0,5124,0,0.0
1373,0,1,522979,36.0,42.0,30.0,,,4.0,0.0,,,,,,,,,64.0,6.8,,,0,1400,0,0.0
1374,1,1,530402,,120.0,,0.0,2.0,5.0,1.0,4.0,0.0,3.0,,,,0.0,0.0,57.0,4.5,1.0,3.9,1,3205,1,0.0
1375,1,1,529424,37.8,48.0,28.0,2.0,0.0,0.0,1.0,3.0,3.0,0.0,0.0,,,1.0,2.0,46.0,5.9,0.0,7.0,0,0,1,2.0
1376,1,1,534519,37.1,84.0,40.0,3.0,2.0,5.0,0.0,1.0,0.0,3.0,2.0,2.0,2.0,0.0,0.0,75.0,81.0,,,0,1400,0,2.0
1377,0,1,535246,,80.0,32.0,3.0,2.0,3.0,0.0,1.0,2.0,2.0,0.0,0.0,,2.0,,50.0,80.0,,,1,0,0,0.0
1378,1,1,534115,38.2,48.0,,2.0,2.0,1.0,0.0,2.0,0.0,3.0,1.0,1.0,2.0,0.0,0.0,42.0,71.0,,,1,3111,0,1.0
1379,0,1,530001,38.0,44.0,12.0,1.0,0.0,1.0,0.0,2.0,0.0,2.0,1.0,2.0,6.5,1.0,1.0,33.0,6.5,,,1,2209,0,0.0
1380,1,1,529272,38.3,132.0,,,2.0,5.0,1.0,1.0,0.0,1.0,0.0,1.0,6.2,0.0,1.0,57.0,8.0,,5.2,1,2112,1,0.0
1381,0,1,535314,38.7,48.0,24.0,,,,,3.0,1.0,,1.0,0.0,,1.0,,34.0,63.0,,,0,0,0,2.0
1382,0,1,533793,38.9,44.0,14.0,3.0,0.0,0.0,0.0,1.0,2.0,1.0,,,,,3.0,33.0,64.0,,,0,0,0,0.0
1383,1,1,529399,39.3,,,0.0,2.0,5.0,1.0,5.0,0.0,1.0,1.0,1.0,4.0,0.0,1.0,75.0,,1.0,4.3,1,2207,1,0.0
1384,1,1,533836,,100.0,,3.0,2.0,2.0,1.0,,0.0,3.0,0.0,0.0,2.0,,,68.0,64.0,1.0,2.0,1,2209,0,0.0
1385,0,1,528804,38.6,48.0,20.0,3.0,0.0,0.0,0.0,3.0,2.0,1.0,0.0,0.0,,2.0,3.0,50.0,7.3,2.0,,0,3111,1,2.0
1386,0,1,535163,38.8,48.0,40.0,2.0,0.0,1.0,0.0,2.0,2.0,3.0,0.0,,,,0.0,41.0,65.0,,,1,4124,0,0.0
1387,0,1,528247,38.0,48.0,20.0,3.0,2.0,2.0,0.0,3.0,0.0,1.0,0.0,,5.0,,3.0,49.0,8.3,2.0,,0,400,1,0.0
1388,0,1,528996,38.6,52.0,20.0,2.0,0.0,0.0,0.0,2.0,2.0,1.0,1.0,0.0,,1.0,,36.0,6.6,2.0,5.0,0,0,1,0.0
1389,1,1,533928,37.8,60.0,24.0,2.0,,1.0,1.0,,0.0,3.0,0.0,1.0,2.0,,0.0,52.0,75.0,,,1,2205,0,0.0
1390,0,1,528248,38.0,42.0,40.0,3.0,0.0,0.0,0.0,2.0,2.0,0.0,,,,,,,,,,0,3111,0,0.0
1391,0,1,528134,,,12.0,2.0,0.0,3.0,0.0,1.0,1.0,1.0,2.0,0.0,,1.0,,44.0,7.5,0.0,,0,0,1,1.0
1392,1,1,527916,,,,,,,,5.0,,,1.0,0.0,,,0.0,35.0,58.0,0.0,1.0,1,4205,0,0.0
1393,1,1,530431,38.3,42.0,24.0,,,,0.0,,,,,,,,,40.0,8.5,,,1,7113,0,0.0
1394,0,1,535176,39.5,60.0,10.0,3.0,,,1.0,2.0,2.0,1.0,0.0,0.0,,2.0,,38.0,56.0,2.0,,0,0,0,0.0
1395,1,1,533942,38.0,66.0,20.0,2.0,2.0,1.0,0.0,4.0,2.0,0.0,1.0,0.0,,2.0,,46.0,46.0,1.0,2.0,1,6209,0,2.0
1396,1,1,528523,38.7,76.0,,2.0,0.0,4.0,1.0,2.0,2.0,1.0,0.0,2.0,,0.0,1.0,50.0,8.0,,,1,2208,1,0.0
1397,1,1,534925,39.4,120.0,48.0,,,4.0,0.0,,2.0,2.0,1.0,,,0.0,,56.0,64.0,2.0,2.0,0,1400,0,1.0
1398,1,1,527916,38.3,40.0,18.0,2.0,0.0,0.0,0.0,2.0,1.0,0.0,,,,3.0,2.0,43.0,5.9,2.0,,0,0,1,0.0
1399,0,1,528299,,44.0,24.0,2.0,0.0,0.0,0.0,2.0,2.0,0.0,0.0,0.0,,,2.0,,6.3,,,0,3111,0,1.0
1400,1,1,530254,38.4,104.0,40.0,2.0,0.0,1.0,0.0,1.0,0.0,1.0,0.0,1.0,6.5,,1.0,55.0,8.5,,,1,2124,0,0.0
1401,1,1,535085,,65.0,24.0,,,,1.0,4.0,,3.0,2.0,0.0,,,0.0,,,,,1,3205,0,0.0
1402,0,1,532985,37.5,44.0,20.0,2.0,0.0,1.0,0.0,,1.0,0.0,,,,1.0,,35.0,7.2,,,0,0,0,0.0
1403,0,1,527677,39.0,86.0,16.0,3.0,2.0,4.0,,2.0,2.0,2.0,,2.0,,,,68.0,5.8,1.0,6.0,1,5400,1,1.0
1404,1,1,535292,38.5,129.0,48.0,3.0,2.0,1.0,0.0,1.0,0.0,2.0,1.0,1.0,2.0,,,57.0,66.0,1.0,2.0,1,2206,0,0.0
1405,1,1,529729,,104.0,,3.0,2.0,4.0,1.0,1.0,0.0,2.0,,1.0,,0.0,1.0,69.0,8.6,0.0,3.4,1,2207,1,2.0
1406,0,1,518476,,,,3.0,3.0,5.0,,5.0,,3.0,,,,,,,,,,1,3400,1,0.0
1407,1,1,527929,,,,,,,,,,,,,,,,,,,,1,2208,0,2.0
1408,1,1,535130,38.2,60.0,30.0,2.0,0.0,1.0,0.0,2.0,2.0,0.0,0.0,0.0,,2.0,3.0,48.0,66.0,,,1,6112,0,2.0
1409,1,1,523190,,68.0,14.0,,,2.0,0.0,5.0,,,,0.0,4.3,,,,,0.0,2.8,1,4205,1,0.0
1410,1,1,533968,,60.0,30.0,3.0,2.0,2.0,1.0,4.0,0.0,3.0,1.0,0.0,,0.0,,45.0,70.0,1.0,2.0,1,6111,0,0.0
1411,0,1,528151,38.5,100.0,,3.0,2.0,4.0,1.0,5.0,2.0,3.0,0.0,0.0,,0.0,0.0,,,,,0,1111,1,2.0
1412,1,1,530239,38.4,84.0,30.0,3.0,0.0,4.0,1.0,5.0,2.0,2.0,0.0,1.0,6.5,0.0,1.0,47.0,7.5,1.0,,1,2300,0,0.0
1413,0,1,528305,37.8,48.0,14.0,,,0.0,0.0,2.0,,1.0,1.0,1.0,5.3,1.0,,35.0,7.5,,,0,3111,1,1.0
1414,1,1,5279822,38.0,,24.0,3.0,2.0,5.0,1.0,4.0,,3.0,1.0,0.0,,,,68.0,7.8,,,1,2205,0,2.0
1415,0,1,534857,37.8,56.0,16.0,2.0,0.0,3.0,0.0,1.0,1.0,0.0,0.0,0.0,,1.0,,44.0,68.0,2.0,1.0,0,0,0,0.0
1416,0,1,534053,38.2,68.0,32.0,1.0,1.0,3.0,0.0,3.0,1.0,0.0,2.0,0.0,,1.0,2.0,43.0,65.0,,,0,0,0,2.0
1417,1,1,534833,38.5,120.0,60.0,0.0,2.0,5.0,1.0,,2.0,,,,,,,54.0,,,,1,5400,0,0.0
1418,1,1,5278331,39.3,64.0,90.0,1.0,2.0,0.0,0.0,,2.0,0.0,1.0,2.0,,,,39.0,6.7,,,1,21110,0,0.0
1419,1,1,527365,38.4,80.0,30.0,0.0,2.0,0.0,0.0,2.0,2.0,2.0,2.0,1.0,,0.0,0.0,32.0,6.1,1.0,4.3,1,7209,1,0.0
1420,1,1,533887,38.5,60.0,,2.0,0.0,,0.0,,1.0,0.0,,,,,,33.0,53.0,2.0,,1,4111,0,0.0
1422,1,1,528742,37.1,40.0,8.0,,0.0,2.0,0.0,2.0,2.0,0.0,1.0,0.0,,2.0,,23.0,6.7,1.0,,1,3133,1,0.0
1423,0,0,5287279,,100.0,44.0,1.0,0.0,0.0,0.0,5.0,1.0,0.0,,,,1.0,,37.0,4.7,,,0,7111,0,0.0
1424,1,1,534788,38.2,48.0,18.0,2.0,0.0,0.0,0.0,2.0,2.0,2.0,1.0,2.0,,0.0,,48.0,74.0,2.0,2.0,1,5111,0,0.0
1425,1,1,529373,,60.0,48.0,3.0,2.0,2.0,1.0,5.0,2.0,3.0,,,,,,58.0,7.6,,,1,3205,0,0.0
1426,0,1,534163,37.9,88.0,24.0,2.0,0.0,3.0,0.0,1.0,3.0,0.0,,,,0.0,2.0,37.0,56.0,,,0,0,0,0.0
1427,0,1,533697,38.0,44.0,12.0,3.0,0.0,0.0,,,1.0,1.0,,,,1.0,,42.0,64.0,,,0,0,0,2.0
1428,0,1,529628,38.5,60.0,20.0,2.0,0.0,4.0,1.0,1.0,3.0,0.0,0.0,0.0,,3.0,,63.0,7.5,0.0,2.3,0,300,1,0.0
1429,0,1,521399,38.5,96.0,36.0,3.0,2.0,,1.0,1.0,0.0,1.0,1.0,2.0,,0.0,0.0,70.0,8.5,,,1,1400,1,0.0
1430,0,1,533885,38.3,60.0,20.0,2.0,0.0,0.0,1.0,3.0,2.0,0.0,,,,2.0,,34.0,66.0,,,0,0,0,1.0
1431,0,1,534157,38.5,60.0,40.0,3.0,0.0,3.0,0.0,1.0,1.0,1.0,,,,2.0,3.0,49.0,59.0,,,0,0,0,2.0
1432,1,1,528047,37.3,48.0,12.0,2.0,,1.0,0.0,2.0,1.0,2.0,0.0,0.0,,2.0,,40.0,6.6,0.0,,1,3205,1,0.0
1433,1,1,528641,38.5,86.0,,2.0,0.0,1.0,0.0,5.0,0.0,2.0,0.0,0.0,,2.0,0.0,45.0,7.4,2.0,3.4,1,3209,1,0.0
1434,1,1,534073,37.5,48.0,40.0,,,,,,,,1.0,0.0,,,0.0,41.0,55.0,1.0,2.0,1,2208,0,0.0
1435,0,1,529685,37.2,36.0,9.0,2.0,0.0,0.0,0.0,1.0,2.0,0.0,0.0,0.0,,0.0,2.0,35.0,5.7,,,0,31110,0,2.0
1436,1,1,529528,39.2,,23.0,3.0,0.0,1.0,0.0,5.0,0.0,1.0,0.0,,,,,36.0,6.6,2.0,3.0,1,3115,1,1.0
1437,0,1,528151,38.5,100.0,,3.0,2.0,4.0,1.0,5.0,2.0,3.0,0.0,0.0,,0.0,0.0,,,,,0,4124,0,0.0
1438,1,1,535137,38.5,96.0,30.0,1.0,2.0,2.0,1.0,5.0,0.0,2.0,0.0,0.0,,2.0,0.0,50.0,65.0,,,1,6111,0,0.0
1439,1,1,530297,,,,,,,,,,,,,,,,45.0,8.7,,,1,2208,0,1.0
1440,1,1,535338,37.8,88.0,80.0,3.0,2.0,4.0,1.0,,2.0,2.0,0.0,1.0,,0.0,0.0,64.0,89.0,,,1,3205,0,0.0
1441,0,1,534478,37.5,44.0,10.0,3.0,0.0,0.0,0.0,2.0,1.0,1.0,0.0,,,2.0,,43.0,51.0,2.0,1.0,0,0,0,2.0
1442,1,1,530401,37.9,68.0,20.0,,0.0,3.0,0.0,1.0,0.0,1.0,,,,1.0,0.0,45.0,4.0,1.0,2.8,1,5400,1,1.0
1443,1,1,529893,38.0,86.0,24.0,0.0,2.0,2.0,0.0,1.0,0.0,3.0,1.0,0.0,,0.0,0.0,45.0,5.5,2.0,10.1,1,3111,1,0.0
1444,1,0,5294369,38.9,120.0,30.0,2.0,2.0,3.0,1.0,2.0,2.0,2.0,2.0,0.0,3.0,,,47.0,6.3,2.0,,0,2124,0,2.0
1445,1,1,528183,37.6,45.0,12.0,3.0,0.0,1.0,0.0,,3.0,1.0,0.0,0.0,,1.0,1.0,39.0,7.0,0.0,1.5,1,2112,1,2.0
1446,0,1,529183,38.6,56.0,32.0,1.0,0.0,0.0,0.0,3.0,1.0,0.0,0.0,,,3.0,,40.0,7.0,0.0,2.1,0,0,1,0.0
1447,1,1,529135,37.8,40.0,12.0,2.0,0.0,0.0,0.0,3.0,3.0,0.0,0.0,0.0,,1.0,3.0,38.0,7.0,,,1,3111,0,0.0
1448,0,1,528977,,,,,,,,,,,,,,,,,,,,0,0,0,0.0
1449,1,1,5279441,38.0,76.0,18.0,,,,1.0,,,,,,,,,71.0,11.0,,,1,2209,1,0.0
1450,1,1,535240,38.1,40.0,36.0,2.0,1.0,3.0,0.0,1.0,3.0,,,,,,,,,,,1,3112,0,0.0
1451,1,1,529736,,52.0,28.0,3.0,2.0,2.0,0.0,2.0,0.0,2.0,0.0,0.0,,0.0,1.0,37.0,8.1,,,1,2111,0,0.0
1452,1,1,535029,39.2,88.0,58.0,0.0,3.0,,1.0,4.0,0.0,,,,,,,,,0.0,2.0,0,3205,0,1.0
1453,1,1,535031,38.5,92.0,40.0,0.0,2.0,,0.0,1.0,0.0,2.0,,,,0.0,,46.0,67.0,0.0,2.0,1,2208,0,0.0
1454,1,1,528800,,112.0,13.0,0.0,3.0,2.0,0.0,1.0,2.0,0.0,0.0,0.0,4.5,0.0,1.0,60.0,6.3,1.0,,1,2205,1,1.0
1455,1,1,528178,37.7,66.0,12.0,2.0,0.0,1.0,0.0,2.0,2.0,1.0,0.0,,,0.0,1.0,31.5,6.2,0.0,1.6,1,2208,1,0.0
1456,1,1,535392,38.8,50.0,14.0,2.0,0.0,0.0,0.0,2.0,1.0,0.0,1.0,0.0,,2.0,0.0,38.0,58.0,,,1,3111,0,0.0
1457,0,1,528931,38.4,54.0,24.0,2.0,0.0,0.0,0.0,3.0,2.0,0.0,0.0,0.0,,2.0,3.0,49.0,7.2,2.0,8.0,0,3111,1,0.0
1458,1,1,528503,39.2,120.0,20.0,0.0,2.0,4.0,1.0,1.0,2.0,2.0,1.0,1.0,,,1.0,60.0,8.8,1.0,,1,2205,0,0.0
1459,1,0,5289419,,,,,,,,,,,,,,,,45.0,6.5,0.0,,1,9000,1,0.0
1460,1,1,535196,37.3,90.0,40.0,3.0,,5.0,1.0,4.0,0.0,2.0,0.0,2.0,,1.0,0.0,65.0,50.0,1.0,2.0,1,3205,0,2.0
1461,1,0,534597,38.5,120.0,70.0,,,,,,1.0,,0.0,,,1.0,,35.0,54.0,2.0,1.0,1,4205,0,0.0
1462,1,1,534280,38.5,104.0,40.0,3.0,2.0,,0.0,5.0,2.0,3.0,,,,,,,,,,1,2124,0,1.0
1463,0,1,530028,39.5,92.0,28.0,3.0,2.0,5.0,0.0,4.0,0.0,0.0,,1.0,,0.0,,72.0,6.4,,3.6,0,3300,0,0.0
1464,1,1,5262543,38.5,30.0,18.0,,,,,,,,,,,,,40.0,7.7,,,1,2113,0,0.0
1465,1,1,530526,38.3,72.0,30.0,0.0,2.0,1.0,1.0,2.0,2.0,2.0,0.0,0.0,,2.0,0.0,43.0,7.0,0.0,3.9,1,3113,1,2.0
1466,0,1,528729,37.5,48.0,30.0,0.0,0.0,1.0,0.0,,3.0,0.0,1.0,0.0,,1.0,2.0,48.0,8.6,,,0,400,0,0.0
1467,1,1,528469,38.1,52.0,24.0,2.0,0.0,4.0,0.0,5.0,2.0,0.0,0.0,1.0,7.0,1.0,,54.0,7.5,0.0,2.6,1,2206,1,0.0
1468,0,1,528179,38.2,42.0,26.0,2.0,0.0,0.0,0.0,2.0,1.0,1.0,,,,1.0,,36.0,6.9,,,0,3111,0,0.0
1469,0,1,533750,37.9,54.0,42.0,1.0,0.0,4.0,0.0,2.0,1.0,0.0,,0.0,,,3.0,47.0,54.0,1.0,1.0,0,0,0,2.0
1470,0,1,528702,36.1,88.0,,3.0,2.0,1.0,0.0,2.0,2.0,1.0,0.0,1.0,,,1.0,45.0,7.0,1.0,4.8,1,2209,1,0.0
1471,1,1,534183,38.1,70.0,22.0,,0.0,,0.0,4.0,2.0,,,,,,0.0,36.0,65.0,,,1,3205,0,0.0
1472,1,1,529160,38.0,90.0,30.0,0.0,2.0,2.0,1.0,4.0,0.0,3.0,,,,0.0,0.0,55.0,6.1,,,1,3205,0,1.0
1473,1,1,529045,38.2,52.0,16.0,2.0,0.0,3.0,0.0,3.0,3.0,0.0,1.0,0.0,,1.0,,43.0,8.1,,,0,0,1,1.0
1474,1,1,530354,,36.0,32.0,2.0,0.0,2.0,0.0,4.0,2.0,2.0,0.0,1.0,4.0,,1.0,41.0,5.9,,,1,2205,0,2.0
1475,1,1,5281091,38.4,92.0,20.0,2.0,,,1.0,,2.0,2.0,,,,1.0,,,,,,1,2208,1,0.0
1476,1,0,5291409,38.2,124.0,88.0,2.0,2.0,3.0,0.0,1.0,2.0,3.0,,,,,,47.0,8.0,2.0,,1,9400,1,2.0
1477,0,1,528904,,96.0,,3.0,2.0,1.0,1.0,4.0,0.0,3.0,,0.0,,0.0,0.0,60.0,,,,1,41110,0,0.0
1478,1,1,530366,37.6,68.0,32.0,3.0,,1.0,0.0,5.0,3.0,3.0,0.0,2.0,6.5,1.0,0.0,47.0,7.2,2.0,,1,3209,0,0.0
1479,1,1,530170,38.1,88.0,24.0,3.0,2.0,2.0,0.0,4.0,0.0,2.0,0.0,0.0,,2.0,1.0,41.0,4.6,,,1,2209,0,2.0
1480,1,1,527709,38.0,108.0,60.0,1.0,2.0,2.0,0.0,5.0,2.0,2.0,0.0,,,2.0,1.0,,,1.0,,1,2205,0,0.0
1481,0,1,528169,38.2,48.0,,1.0,,0.0,1.0,2.0,2.0,0.0,0.0,0.0,,,3.0,34.0,6.6,,,0,3111,0,2.0
1482,1,1,535043,39.3,100.0,51.0,0.0,3.0,5.0,0.0,1.0,0.0,0.0,1.0,1.0,2.0,,1.0,66.0,13.0,1.0,2.0,1,2113,0,0.0
1483,0,1,527940,36.6,42.0,18.0,3.0,2.0,3.0,0.0,3.0,0.0,0.0,1.0,0.0,,,0.0,52.0,7.1,,,1,5111,0,0.0
1484,1,0,5291719,38.8,124.0,36.0,3.0,0.0,3.0,0.0,1.0,2.0,3.0,1.0,0.0,,0.0,1.0,50.0,7.6,1.0,,1,2208,1,1.0
1485,0,1,530561,,112.0,24.0,3.0,2.0,2.0,1.0,4.0,0.0,1.0,,,,0.0,,40.0,5.3,1.0,2.6,0,400,1,2.0
1486,1,1,533738,,80.0,,3.0,2.0,1.0,0.0,5.0,0.0,3.0,,,,0.0,0.0,43.0,70.0,,,1,3111,0,2.0
1487,1,0,5294539,38.8,184.0,84.0,2.0,,0.0,0.0,5.0,1.0,2.0,,,,3.0,,33.0,3.3,,,1,7111,0,0.0
1488,1,1,533871,37.5,72.0,,1.0,0.0,0.0,0.0,1.0,1.0,0.0,1.0,0.0,,1.0,,35.0,65.0,0.0,2.0,1,7209,0,0.0
1489,1,1,529812,38.7,96.0,28.0,3.0,2.0,2.0,0.0,,0.0,,,1.0,7.5,,,64.0,9.0,,,1,2205,1,2.0
1490,0,1,534719,37.5,52.0,12.0,2.0,0.0,0.0,0.0,1.0,2.0,1.0,0.0,0.0,,2.0,0.0,36.0,61.0,2.0,1.0,0,0,0,1.0
1491,1,1,527734,40.8,72.0,42.0,3.0,2.0,0.0,0.0,1.0,2.0,0.0,0.0,0.0,,,,54.0,7.4,1.0,,1,11400,1,2.0
1492,0,1,534933,38.0,40.0,25.0,,0.0,0.0,0.0,5.0,2.0,1.0,1.0,0.0,,0.0,,37.0,69.0,,,0,0,0,0.0
1493,0,1,529296,38.4,48.0,16.0,1.0,0.0,0.0,0.0,3.0,,1.0,0.0,0.0,,,3.0,39.0,6.5,,,0,3111,1,2.0
1494,0,0,5305629,38.6,88.0,28.0,,,,,,,,,,,,,35.0,5.9,,,0,0,0,0.0
1495,1,1,528743,37.1,75.0,36.0,,,1.0,1.0,5.0,0.0,1.0,0.0,1.0,5.0,0.0,1.0,48.0,7.4,1.0,3.2,1,12208,1,0.0
1496,1,1,530478,38.3,44.0,21.0,3.0,0.0,3.0,0.0,2.0,2.0,2.0,0.0,0.0,,1.0,0.0,44.0,6.5,0.0,4.4,1,2209,1,0.0
1497,0,1,528590,,56.0,68.0,3.0,0.0,0.0,0.0,2.0,2.0,0.0,0.0,0.0,,1.0,,40.0,6.0,,,1,5206,0,2.0
1498,0,1,529865,38.6,68.0,20.0,1.0,0.0,1.0,0.0,2.0,2.0,1.0,1.0,0.0,,1.0,0.0,38.0,6.5,2.0,,0,5124,1,0.0
1499,0,1,527829,38.3,54.0,18.0,3.0,0.0,3.0,0.0,1.0,2.0,1.0,,1.0,5.4,,1.0,44.0,7.2,1.0,,0,2124,1,1.0
1500,1,1,534403,38.2,42.0,20.0,,,0.0,0.0,,2.0,,,,,2.0,,47.0,60.0,,,0,0,0,0.0
1501,1,1,527883,39.3,64.0,90.0,1.0,2.0,0.0,0.0,,2.0,0.0,1.0,2.0,6.5,1.0,0.0,39.0,6.7,,,1,31110,0,0.0
1502,1,1,528570,37.5,60.0,50.0,3.0,2.0,0.0,0.0,2.0,2.0,1.0,0.0,2.0,3.5,2.0,1.0,35.0,6.5,,,1,2209,0,0.0
1503,1,1,534626,37.7,80.0,,3.0,2.0,5.0,0.0,4.0,0.0,0.0,0.0,1.0,,2.0,2.0,50.0,55.0,1.0,2.0,1,4206,0,0.0
1504,1,1,529796,,100.0,30.0,3.0,2.0,2.0,1.0,4.0,0.0,3.0,2.0,1.0,,0.0,1.0,52.0,6.6,,,1,2124,0,2.0
1505,1,1,528638,37.7,120.0,28.0,3.0,2.0,1.0,0.0,4.0,2.0,2.0,1.0,0.0,,,,65.0,7.0,1.0,,1,4205,1,0.0
1506,1,1,534624,,76.0,,,2.0,,,,0.0,3.0,,,,,0.0,,,,,1,11124,0,0.0
1507,1,0,5297159,38.8,150.0,50.0,2.0,2.0,5.0,1.0,4.0,2.0,1.0,1.0,0.0,,,,50.0,6.2,,,1,4207,0,2.0
1508,0,1,528620,36.9,50.0,40.0,1.0,2.0,1.0,0.0,3.0,2.0,1.0,2.0,0.0,7.0,,,37.5,6.5,,,0,3111,0,1.0
1509,0,1,528019,37.8,40.0,16.0,2.0,0.0,0.0,0.0,3.0,1.0,0.0,,,,1.0,2.0,37.0,6.8,,,0,0,0,2.0
1510,0,1,529172,38.2,56.0,40.0,0.0,2.0,0.0,0.0,1.0,0.0,2.0,0.0,2.0,7.5,,,47.0,7.2,2.0,2.5,0,8300,1,
1511,1,1,534644,38.6,48.0,12.0,,,0.0,,3.0,1.0,,,,,,,36.0,67.0,,,0,0,0,0.0
1512,0,1,530624,40.0,78.0,,3.0,2.0,4.0,0.0,1.0,2.0,0.0,1.0,0.0,,0.0,2.0,66.0,6.5,,,1,8400,1,0.0
1513,1,1,527544,,70.0,16.0,3.0,3.0,4.0,1.0,1.0,2.0,1.0,0.0,0.0,,0.0,0.0,60.0,7.5,,,1,1400,0,0.0
1514,1,1,527758,38.2,72.0,18.0,,,,,,,,,,,,,35.0,6.4,,,1,3124,0,0.0
1515,0,1,530439,38.5,54.0,,2.0,0.0,0.0,0.0,2.0,1.0,0.0,0.0,0.0,,1.0,,40.0,6.8,0.0,7.0,0,0,1,2.0
1516,1,1,5283431,38.5,66.0,24.0,2.0,0.0,0.0,0.0,2.0,2.0,0.0,0.0,0.0,,0.0,0.0,40.0,6.7,2.0,,1,31110,1,2.0
1517,0,1,5275212,37.8,82.0,12.0,3.0,0.0,0.0,1.0,5.0,,2.0,1.0,1.0,,,,50.0,7.0,,,1,2205,0,0.0
1518,0,0,5305129,39.5,84.0,30.0,,,,0.0,,,,,,,,,28.0,5.0,,,0,0,0,0.0
1519,1,1,529428,,,,,,,,,,,,,,,,,,,,1,2124,0,0.0
1520,1,1,529126,38.0,50.0,36.0,,0.0,0.0,0.0,2.0,3.0,1.0,,,,2.0,,39.0,6.6,2.0,5.3,1,8400,1,1.0
1521,0,1,535054,38.6,45.0,16.0,1.0,0.0,3.0,0.0,3.0,1.0,,,,,1.0,2.0,43.0,58.0,,,0,0,0,0.0
1522,1,1,528890,38.9,80.0,44.0,3.0,2.0,1.0,0.0,1.0,2.0,2.0,0.0,2.0,7.0,2.0,2.0,54.0,6.5,1.0,,1,7111,0,0.0
1523,1,1,530034,37.0,66.0,20.0,2.0,2.0,3.0,0.0,5.0,2.0,2.0,1.0,,,1.0,0.0,35.0,6.9,0.0,,1,31110,0,0.0
1524,1,1,534004,,78.0,24.0,3.0,2.0,1.0,0.0,,2.0,,0.0,0.0,,,1.0,43.0,62.0,,2.0,0,2209,0,0.0
1525,0,1,533902,38.5,40.0,16.0,2.0,0.0,0.0,0.0,1.0,1.0,0.0,,,,2.0,3.0,37.0,67.0,,,0,0,0,2.0
1526,1,1,533886,,120.0,70.0,0.0,,2.0,1.0,1.0,0.0,,,,,,0.0,55.0,65.0,,,0,3205,0,2.0
1527,0,1,527702,37.2,72.0,24.0,3.0,1.0,2.0,1.0,5.0,2.0,2.0,2.0,0.0,,0.0,1.0,44.0,,1.0,3.3,1,2208,1,1.0
1528,1,1,529386,37.5,72.0,30.0,0.0,2.0,2.0,0.0,5.0,0.0,2.0,0.0,0.0,,2.0,0.0,60.0,6.8,,,1,3205,0,0.0
1529,1,1,530612,36.5,100.0,24.0,3.0,2.0,1.0,0.0,2.0,2.0,2.0,2.0,0.0,,0.0,1.0,50.0,6.0,1.0,3.4,1,2208,1,1.0
1530,1,1,534618,37.2,40.0,20.0,,,,,,,,,,,0.0,2.0,36.0,62.0,2.0,1.0,0,6112,0,1.0
